<?xml version='1.0' encoding='UTF-8' standalone='no'?>
<doxygen xmlns:xsi="http://www.w3.org/2001/XMLSchema-instance" xsi:noNamespaceSchemaLocation="compound.xsd" version="1.8.17">
  <compounddef id="classf110__gym_1_1envs_1_1f110__env__backup_1_1_f110_env" kind="class" language="Python" prot="public">
    <compoundname>f110_gym::envs::f110_env_backup::F110Env</compoundname>
    <basecompoundref prot="public" virt="non-virtual">Env</basecompoundref>
    <basecompoundref prot="public" virt="non-virtual">EzPickle</basecompoundref>
      <sectiondef kind="public-static-attrib">
      <memberdef kind="variable" id="classf110__gym_1_1envs_1_1f110__env__backup_1_1_f110_env_1a33621c905b3ce566450c77b923ef79ee" prot="public" static="yes" mutable="no">
        <type>dictionary</type>
        <definition>dictionary f110_gym.envs.f110_env_backup.F110Env::metadata</definition>
        <argsstring></argsstring>
        <name>metadata</name>
        <initializer>=  {&apos;render.modes&apos;: []}</initializer>
        <briefdescription>
        </briefdescription>
        <detaileddescription>
        </detaileddescription>
        <inbodydescription>
        </inbodydescription>
        <location file="/home/billyzheng/f1tenth_gym/gym/f110_gym/envs/f110_env_backup.py" line="65" column="1" bodyfile="/home/billyzheng/f1tenth_gym/gym/f110_gym/envs/f110_env_backup.py" bodystart="65" bodyend="-1"/>
      </memberdef>
      </sectiondef>
      <sectiondef kind="public-attrib">
      <memberdef kind="variable" id="classf110__gym_1_1envs_1_1f110__env__backup_1_1_f110_env_1a2efb58b38020d194c865ac289009ba4a" prot="public" static="no" mutable="no">
        <type></type>
        <definition>f110_gym.envs.f110_env_backup.F110Env::params_set</definition>
        <argsstring></argsstring>
        <name>params_set</name>
        <briefdescription>
        </briefdescription>
        <detaileddescription>
        </detaileddescription>
        <inbodydescription>
        </inbodydescription>
        <location file="/home/billyzheng/f1tenth_gym/gym/f110_gym/envs/f110_env_backup.py" line="69" column="1" bodyfile="/home/billyzheng/f1tenth_gym/gym/f110_gym/envs/f110_env_backup.py" bodystart="69" bodyend="-1"/>
      </memberdef>
      <memberdef kind="variable" id="classf110__gym_1_1envs_1_1f110__env__backup_1_1_f110_env_1a58740f3bf62a7bf263a13b47cdf5d797" prot="public" static="no" mutable="no">
        <type></type>
        <definition>f110_gym.envs.f110_env_backup.F110Env::map_inited</definition>
        <argsstring></argsstring>
        <name>map_inited</name>
        <briefdescription>
        </briefdescription>
        <detaileddescription>
        </detaileddescription>
        <inbodydescription>
        </inbodydescription>
        <location file="/home/billyzheng/f1tenth_gym/gym/f110_gym/envs/f110_env_backup.py" line="70" column="1" bodyfile="/home/billyzheng/f1tenth_gym/gym/f110_gym/envs/f110_env_backup.py" bodystart="70" bodyend="-1"/>
      </memberdef>
      <memberdef kind="variable" id="classf110__gym_1_1envs_1_1f110__env__backup_1_1_f110_env_1a9e292f161315ed1a0f3c3886bf49ded9" prot="public" static="no" mutable="no">
        <type></type>
        <definition>f110_gym.envs.f110_env_backup.F110Env::params</definition>
        <argsstring></argsstring>
        <name>params</name>
        <briefdescription>
        </briefdescription>
        <detaileddescription>
        </detaileddescription>
        <inbodydescription>
        </inbodydescription>
        <location file="/home/billyzheng/f1tenth_gym/gym/f110_gym/envs/f110_env_backup.py" line="72" column="1" bodyfile="/home/billyzheng/f1tenth_gym/gym/f110_gym/envs/f110_env_backup.py" bodystart="72" bodyend="-1"/>
      </memberdef>
      <memberdef kind="variable" id="classf110__gym_1_1envs_1_1f110__env__backup_1_1_f110_env_1ac6a6a423017697870d6f1c6828325336" prot="public" static="no" mutable="no">
        <type></type>
        <definition>f110_gym.envs.f110_env_backup.F110Env::num_agents</definition>
        <argsstring></argsstring>
        <name>num_agents</name>
        <briefdescription>
        </briefdescription>
        <detaileddescription>
        </detaileddescription>
        <inbodydescription>
        </inbodydescription>
        <location file="/home/billyzheng/f1tenth_gym/gym/f110_gym/envs/f110_env_backup.py" line="74" column="1" bodyfile="/home/billyzheng/f1tenth_gym/gym/f110_gym/envs/f110_env_backup.py" bodystart="74" bodyend="-1"/>
      </memberdef>
      <memberdef kind="variable" id="classf110__gym_1_1envs_1_1f110__env__backup_1_1_f110_env_1a89f5296784405aeaa52325a8dac4420e" prot="public" static="no" mutable="no">
        <type></type>
        <definition>f110_gym.envs.f110_env_backup.F110Env::timestep</definition>
        <argsstring></argsstring>
        <name>timestep</name>
        <briefdescription>
        </briefdescription>
        <detaileddescription>
        </detaileddescription>
        <inbodydescription>
        </inbodydescription>
        <location file="/home/billyzheng/f1tenth_gym/gym/f110_gym/envs/f110_env_backup.py" line="75" column="1" bodyfile="/home/billyzheng/f1tenth_gym/gym/f110_gym/envs/f110_env_backup.py" bodystart="75" bodyend="-1"/>
      </memberdef>
      <memberdef kind="variable" id="classf110__gym_1_1envs_1_1f110__env__backup_1_1_f110_env_1ad417d87c39e8046ab2a66fd11d5910b8" prot="public" static="no" mutable="no">
        <type></type>
        <definition>f110_gym.envs.f110_env_backup.F110Env::map_path</definition>
        <argsstring></argsstring>
        <name>map_path</name>
        <briefdescription>
        </briefdescription>
        <detaileddescription>
        </detaileddescription>
        <inbodydescription>
        </inbodydescription>
        <location file="/home/billyzheng/f1tenth_gym/gym/f110_gym/envs/f110_env_backup.py" line="78" column="1" bodyfile="/home/billyzheng/f1tenth_gym/gym/f110_gym/envs/f110_env_backup.py" bodystart="78" bodyend="-1"/>
      </memberdef>
      <memberdef kind="variable" id="classf110__gym_1_1envs_1_1f110__env__backup_1_1_f110_env_1a52b5d0f196c9cd9e34464d3cf4cf1f34" prot="public" static="no" mutable="no">
        <type></type>
        <definition>f110_gym.envs.f110_env_backup.F110Env::map_img</definition>
        <argsstring></argsstring>
        <name>map_img</name>
        <briefdescription>
        </briefdescription>
        <detaileddescription>
        </detaileddescription>
        <inbodydescription>
        </inbodydescription>
        <location file="/home/billyzheng/f1tenth_gym/gym/f110_gym/envs/f110_env_backup.py" line="79" column="1" bodyfile="/home/billyzheng/f1tenth_gym/gym/f110_gym/envs/f110_env_backup.py" bodystart="79" bodyend="-1"/>
      </memberdef>
      <memberdef kind="variable" id="classf110__gym_1_1envs_1_1f110__env__backup_1_1_f110_env_1ae4babdba55642fab735d03c5672ed5ad" prot="public" static="no" mutable="no">
        <type></type>
        <definition>f110_gym.envs.f110_env_backup.F110Env::ego_idx</definition>
        <argsstring></argsstring>
        <name>ego_idx</name>
        <briefdescription>
        </briefdescription>
        <detaileddescription>
        </detaileddescription>
        <inbodydescription>
        </inbodydescription>
        <location file="/home/billyzheng/f1tenth_gym/gym/f110_gym/envs/f110_env_backup.py" line="85" column="1" bodyfile="/home/billyzheng/f1tenth_gym/gym/f110_gym/envs/f110_env_backup.py" bodystart="85" bodyend="-1"/>
      </memberdef>
      <memberdef kind="variable" id="classf110__gym_1_1envs_1_1f110__env__backup_1_1_f110_env_1ae2047312369a5e949b09e1c5b067412f" prot="public" static="no" mutable="no">
        <type></type>
        <definition>f110_gym.envs.f110_env_backup.F110Env::timeout</definition>
        <argsstring></argsstring>
        <name>timeout</name>
        <briefdescription>
        </briefdescription>
        <detaileddescription>
        </detaileddescription>
        <inbodydescription>
        </inbodydescription>
        <location file="/home/billyzheng/f1tenth_gym/gym/f110_gym/envs/f110_env_backup.py" line="88" column="1" bodyfile="/home/billyzheng/f1tenth_gym/gym/f110_gym/envs/f110_env_backup.py" bodystart="88" bodyend="-1"/>
      </memberdef>
      <memberdef kind="variable" id="classf110__gym_1_1envs_1_1f110__env__backup_1_1_f110_env_1af3d3f69953f78a141b98f3d738a15530" prot="public" static="no" mutable="no">
        <type></type>
        <definition>f110_gym.envs.f110_env_backup.F110Env::start_thresh</definition>
        <argsstring></argsstring>
        <name>start_thresh</name>
        <briefdescription>
        </briefdescription>
        <detaileddescription>
        </detaileddescription>
        <inbodydescription>
        </inbodydescription>
        <location file="/home/billyzheng/f1tenth_gym/gym/f110_gym/envs/f110_env_backup.py" line="90" column="1" bodyfile="/home/billyzheng/f1tenth_gym/gym/f110_gym/envs/f110_env_backup.py" bodystart="90" bodyend="-1"/>
      </memberdef>
      <memberdef kind="variable" id="classf110__gym_1_1envs_1_1f110__env__backup_1_1_f110_env_1a0a9dbd46041d336a1d6b28ea01418d91" prot="public" static="no" mutable="no">
        <type></type>
        <definition>f110_gym.envs.f110_env_backup.F110Env::x</definition>
        <argsstring></argsstring>
        <name>x</name>
        <briefdescription>
        </briefdescription>
        <detaileddescription>
        </detaileddescription>
        <inbodydescription>
        </inbodydescription>
        <location file="/home/billyzheng/f1tenth_gym/gym/f110_gym/envs/f110_env_backup.py" line="95" column="1" bodyfile="/home/billyzheng/f1tenth_gym/gym/f110_gym/envs/f110_env_backup.py" bodystart="95" bodyend="-1"/>
      </memberdef>
      <memberdef kind="variable" id="classf110__gym_1_1envs_1_1f110__env__backup_1_1_f110_env_1a2fd95411b8a24759642863111ed0f513" prot="public" static="no" mutable="no">
        <type></type>
        <definition>f110_gym.envs.f110_env_backup.F110Env::y</definition>
        <argsstring></argsstring>
        <name>y</name>
        <briefdescription>
        </briefdescription>
        <detaileddescription>
        </detaileddescription>
        <inbodydescription>
        </inbodydescription>
        <location file="/home/billyzheng/f1tenth_gym/gym/f110_gym/envs/f110_env_backup.py" line="96" column="1" bodyfile="/home/billyzheng/f1tenth_gym/gym/f110_gym/envs/f110_env_backup.py" bodystart="96" bodyend="-1"/>
      </memberdef>
      <memberdef kind="variable" id="classf110__gym_1_1envs_1_1f110__env__backup_1_1_f110_env_1a1dc4f5c9ab99353e2c364d42daf5a180" prot="public" static="no" mutable="no">
        <type></type>
        <definition>f110_gym.envs.f110_env_backup.F110Env::theta</definition>
        <argsstring></argsstring>
        <name>theta</name>
        <briefdescription>
        </briefdescription>
        <detaileddescription>
        </detaileddescription>
        <inbodydescription>
        </inbodydescription>
        <location file="/home/billyzheng/f1tenth_gym/gym/f110_gym/envs/f110_env_backup.py" line="97" column="1" bodyfile="/home/billyzheng/f1tenth_gym/gym/f110_gym/envs/f110_env_backup.py" bodystart="97" bodyend="-1"/>
      </memberdef>
      <memberdef kind="variable" id="classf110__gym_1_1envs_1_1f110__env__backup_1_1_f110_env_1a68efc45c0a66e4652697146e18c8a570" prot="public" static="no" mutable="no">
        <type></type>
        <definition>f110_gym.envs.f110_env_backup.F110Env::in_collision</definition>
        <argsstring></argsstring>
        <name>in_collision</name>
        <briefdescription>
        </briefdescription>
        <detaileddescription>
        </detaileddescription>
        <inbodydescription>
        </inbodydescription>
        <location file="/home/billyzheng/f1tenth_gym/gym/f110_gym/envs/f110_env_backup.py" line="99" column="1" bodyfile="/home/billyzheng/f1tenth_gym/gym/f110_gym/envs/f110_env_backup.py" bodystart="99" bodyend="-1"/>
      </memberdef>
      <memberdef kind="variable" id="classf110__gym_1_1envs_1_1f110__env__backup_1_1_f110_env_1a88dd2fd1f2dc0ef251a079d3e74622fe" prot="public" static="no" mutable="no">
        <type></type>
        <definition>f110_gym.envs.f110_env_backup.F110Env::collision_angle</definition>
        <argsstring></argsstring>
        <name>collision_angle</name>
        <briefdescription>
        </briefdescription>
        <detaileddescription>
        </detaileddescription>
        <inbodydescription>
        </inbodydescription>
        <location file="/home/billyzheng/f1tenth_gym/gym/f110_gym/envs/f110_env_backup.py" line="100" column="1" bodyfile="/home/billyzheng/f1tenth_gym/gym/f110_gym/envs/f110_env_backup.py" bodystart="100" bodyend="-1"/>
      </memberdef>
      <memberdef kind="variable" id="classf110__gym_1_1envs_1_1f110__env__backup_1_1_f110_env_1a1c3ac639a2b0773d99043c2b911970d7" prot="public" static="no" mutable="no">
        <type></type>
        <definition>f110_gym.envs.f110_env_backup.F110Env::near_start</definition>
        <argsstring></argsstring>
        <name>near_start</name>
        <briefdescription>
        </briefdescription>
        <detaileddescription>
        </detaileddescription>
        <inbodydescription>
        </inbodydescription>
        <location file="/home/billyzheng/f1tenth_gym/gym/f110_gym/envs/f110_env_backup.py" line="103" column="1" bodyfile="/home/billyzheng/f1tenth_gym/gym/f110_gym/envs/f110_env_backup.py" bodystart="103" bodyend="-1"/>
      </memberdef>
      <memberdef kind="variable" id="classf110__gym_1_1envs_1_1f110__env__backup_1_1_f110_env_1ac19a932655f1f9a6e8065df37bbe9f80" prot="public" static="no" mutable="no">
        <type></type>
        <definition>f110_gym.envs.f110_env_backup.F110Env::num_toggles</definition>
        <argsstring></argsstring>
        <name>num_toggles</name>
        <briefdescription>
        </briefdescription>
        <detaileddescription>
        </detaileddescription>
        <inbodydescription>
        </inbodydescription>
        <location file="/home/billyzheng/f1tenth_gym/gym/f110_gym/envs/f110_env_backup.py" line="104" column="1" bodyfile="/home/billyzheng/f1tenth_gym/gym/f110_gym/envs/f110_env_backup.py" bodystart="104" bodyend="-1"/>
      </memberdef>
      <memberdef kind="variable" id="classf110__gym_1_1envs_1_1f110__env__backup_1_1_f110_env_1aa7af900e93ae4b180e89e7d48e242033" prot="public" static="no" mutable="no">
        <type></type>
        <definition>f110_gym.envs.f110_env_backup.F110Env::lap_times</definition>
        <argsstring></argsstring>
        <name>lap_times</name>
        <briefdescription>
        </briefdescription>
        <detaileddescription>
        </detaileddescription>
        <inbodydescription>
        </inbodydescription>
        <location file="/home/billyzheng/f1tenth_gym/gym/f110_gym/envs/f110_env_backup.py" line="107" column="1" bodyfile="/home/billyzheng/f1tenth_gym/gym/f110_gym/envs/f110_env_backup.py" bodystart="107" bodyend="-1"/>
      </memberdef>
      <memberdef kind="variable" id="classf110__gym_1_1envs_1_1f110__env__backup_1_1_f110_env_1a3eb59d52fbc4d767e2c7ed0c64b8650f" prot="public" static="no" mutable="no">
        <type></type>
        <definition>f110_gym.envs.f110_env_backup.F110Env::lap_counts</definition>
        <argsstring></argsstring>
        <name>lap_counts</name>
        <briefdescription>
        </briefdescription>
        <detaileddescription>
        </detaileddescription>
        <inbodydescription>
        </inbodydescription>
        <location file="/home/billyzheng/f1tenth_gym/gym/f110_gym/envs/f110_env_backup.py" line="108" column="1" bodyfile="/home/billyzheng/f1tenth_gym/gym/f110_gym/envs/f110_env_backup.py" bodystart="108" bodyend="-1"/>
      </memberdef>
      <memberdef kind="variable" id="classf110__gym_1_1envs_1_1f110__env__backup_1_1_f110_env_1a476dab30a81d8794d89f0bd85b3e7884" prot="public" static="no" mutable="no">
        <type></type>
        <definition>f110_gym.envs.f110_env_backup.F110Env::map_height</definition>
        <argsstring></argsstring>
        <name>map_height</name>
        <briefdescription>
        </briefdescription>
        <detaileddescription>
        </detaileddescription>
        <inbodydescription>
        </inbodydescription>
        <location file="/home/billyzheng/f1tenth_gym/gym/f110_gym/envs/f110_env_backup.py" line="128" column="1" bodyfile="/home/billyzheng/f1tenth_gym/gym/f110_gym/envs/f110_env_backup.py" bodystart="128" bodyend="-1"/>
      </memberdef>
      <memberdef kind="variable" id="classf110__gym_1_1envs_1_1f110__env__backup_1_1_f110_env_1a2f4a85b1b83b203bc5549b6bff0bf2d1" prot="public" static="no" mutable="no">
        <type></type>
        <definition>f110_gym.envs.f110_env_backup.F110Env::map_width</definition>
        <argsstring></argsstring>
        <name>map_width</name>
        <briefdescription>
        </briefdescription>
        <detaileddescription>
        </detaileddescription>
        <inbodydescription>
        </inbodydescription>
        <location file="/home/billyzheng/f1tenth_gym/gym/f110_gym/envs/f110_env_backup.py" line="129" column="1" bodyfile="/home/billyzheng/f1tenth_gym/gym/f110_gym/envs/f110_env_backup.py" bodystart="129" bodyend="-1"/>
      </memberdef>
      <memberdef kind="variable" id="classf110__gym_1_1envs_1_1f110__env__backup_1_1_f110_env_1a1ec9b2bc2142334a2b8a2d028adcace8" prot="public" static="no" mutable="no">
        <type></type>
        <definition>f110_gym.envs.f110_env_backup.F110Env::map_resolution</definition>
        <argsstring></argsstring>
        <name>map_resolution</name>
        <briefdescription>
        </briefdescription>
        <detaileddescription>
        </detaileddescription>
        <inbodydescription>
        </inbodydescription>
        <location file="/home/billyzheng/f1tenth_gym/gym/f110_gym/envs/f110_env_backup.py" line="130" column="1" bodyfile="/home/billyzheng/f1tenth_gym/gym/f110_gym/envs/f110_env_backup.py" bodystart="130" bodyend="-1"/>
      </memberdef>
      <memberdef kind="variable" id="classf110__gym_1_1envs_1_1f110__env__backup_1_1_f110_env_1a7456387ff1b9e6832dd205ed891bc750" prot="public" static="no" mutable="no">
        <type></type>
        <definition>f110_gym.envs.f110_env_backup.F110Env::free_thresh</definition>
        <argsstring></argsstring>
        <name>free_thresh</name>
        <briefdescription>
        </briefdescription>
        <detaileddescription>
        </detaileddescription>
        <inbodydescription>
        </inbodydescription>
        <location file="/home/billyzheng/f1tenth_gym/gym/f110_gym/envs/f110_env_backup.py" line="131" column="1" bodyfile="/home/billyzheng/f1tenth_gym/gym/f110_gym/envs/f110_env_backup.py" bodystart="131" bodyend="-1"/>
      </memberdef>
      <memberdef kind="variable" id="classf110__gym_1_1envs_1_1f110__env__backup_1_1_f110_env_1a2e1491609720111b7065748ad37e8512" prot="public" static="no" mutable="no">
        <type></type>
        <definition>f110_gym.envs.f110_env_backup.F110Env::origin</definition>
        <argsstring></argsstring>
        <name>origin</name>
        <briefdescription>
        </briefdescription>
        <detaileddescription>
        </detaileddescription>
        <inbodydescription>
        </inbodydescription>
        <location file="/home/billyzheng/f1tenth_gym/gym/f110_gym/envs/f110_env_backup.py" line="132" column="1" bodyfile="/home/billyzheng/f1tenth_gym/gym/f110_gym/envs/f110_env_backup.py" bodystart="132" bodyend="-1"/>
      </memberdef>
      <memberdef kind="variable" id="classf110__gym_1_1envs_1_1f110__env__backup_1_1_f110_env_1a0e6a85d0de7165369ce8fcd18be9d885" prot="public" static="no" mutable="no">
        <type></type>
        <definition>f110_gym.envs.f110_env_backup.F110Env::port</definition>
        <argsstring></argsstring>
        <name>port</name>
        <briefdescription>
        </briefdescription>
        <detaileddescription>
        </detaileddescription>
        <inbodydescription>
        </inbodydescription>
        <location file="/home/billyzheng/f1tenth_gym/gym/f110_gym/envs/f110_env_backup.py" line="150" column="1" bodyfile="/home/billyzheng/f1tenth_gym/gym/f110_gym/envs/f110_env_backup.py" bodystart="150" bodyend="-1"/>
      </memberdef>
      <memberdef kind="variable" id="classf110__gym_1_1envs_1_1f110__env__backup_1_1_f110_env_1aa3367f6570455c5311e075b4b9f91c56" prot="public" static="no" mutable="no">
        <type></type>
        <definition>f110_gym.envs.f110_env_backup.F110Env::context</definition>
        <argsstring></argsstring>
        <name>context</name>
        <briefdescription>
        </briefdescription>
        <detaileddescription>
        </detaileddescription>
        <inbodydescription>
        </inbodydescription>
        <location file="/home/billyzheng/f1tenth_gym/gym/f110_gym/envs/f110_env_backup.py" line="151" column="1" bodyfile="/home/billyzheng/f1tenth_gym/gym/f110_gym/envs/f110_env_backup.py" bodystart="151" bodyend="-1"/>
      </memberdef>
      <memberdef kind="variable" id="classf110__gym_1_1envs_1_1f110__env__backup_1_1_f110_env_1afc0972d462163211e9b9e47a2844e64f" prot="public" static="no" mutable="no">
        <type></type>
        <definition>f110_gym.envs.f110_env_backup.F110Env::socket</definition>
        <argsstring></argsstring>
        <name>socket</name>
        <briefdescription>
        </briefdescription>
        <detaileddescription>
        </detaileddescription>
        <inbodydescription>
        </inbodydescription>
        <location file="/home/billyzheng/f1tenth_gym/gym/f110_gym/envs/f110_env_backup.py" line="152" column="1" bodyfile="/home/billyzheng/f1tenth_gym/gym/f110_gym/envs/f110_env_backup.py" bodystart="152" bodyend="-1"/>
      </memberdef>
      <memberdef kind="variable" id="classf110__gym_1_1envs_1_1f110__env__backup_1_1_f110_env_1a23d4e3c74f19290571ce06f57c68de01" prot="public" static="no" mutable="no">
        <type></type>
        <definition>f110_gym.envs.f110_env_backup.F110Env::sim_p</definition>
        <argsstring></argsstring>
        <name>sim_p</name>
        <briefdescription>
        </briefdescription>
        <detaileddescription>
        </detaileddescription>
        <inbodydescription>
        </inbodydescription>
        <location file="/home/billyzheng/f1tenth_gym/gym/f110_gym/envs/f110_env_backup.py" line="171" column="1" bodyfile="/home/billyzheng/f1tenth_gym/gym/f110_gym/envs/f110_env_backup.py" bodystart="171" bodyend="-1"/>
      </memberdef>
      <memberdef kind="variable" id="classf110__gym_1_1envs_1_1f110__env__backup_1_1_f110_env_1aeb9374dba01e21d5fd618d0736573f77" prot="public" static="no" mutable="no">
        <type></type>
        <definition>f110_gym.envs.f110_env_backup.F110Env::all_x</definition>
        <argsstring></argsstring>
        <name>all_x</name>
        <briefdescription>
        </briefdescription>
        <detaileddescription>
        </detaileddescription>
        <inbodydescription>
        </inbodydescription>
        <location file="/home/billyzheng/f1tenth_gym/gym/f110_gym/envs/f110_env_backup.py" line="308" column="1" bodyfile="/home/billyzheng/f1tenth_gym/gym/f110_gym/envs/f110_env_backup.py" bodystart="308" bodyend="-1"/>
      </memberdef>
      <memberdef kind="variable" id="classf110__gym_1_1envs_1_1f110__env__backup_1_1_f110_env_1aebf4ff49efe573bdbe29b190528256f1" prot="public" static="no" mutable="no">
        <type></type>
        <definition>f110_gym.envs.f110_env_backup.F110Env::all_y</definition>
        <argsstring></argsstring>
        <name>all_y</name>
        <briefdescription>
        </briefdescription>
        <detaileddescription>
        </detaileddescription>
        <inbodydescription>
        </inbodydescription>
        <location file="/home/billyzheng/f1tenth_gym/gym/f110_gym/envs/f110_env_backup.py" line="309" column="1" bodyfile="/home/billyzheng/f1tenth_gym/gym/f110_gym/envs/f110_env_backup.py" bodystart="309" bodyend="-1"/>
      </memberdef>
      <memberdef kind="variable" id="classf110__gym_1_1envs_1_1f110__env__backup_1_1_f110_env_1ab629b0d75ade059476f2bf4237798101" prot="public" static="no" mutable="no">
        <type></type>
        <definition>f110_gym.envs.f110_env_backup.F110Env::current_time</definition>
        <argsstring></argsstring>
        <name>current_time</name>
        <briefdescription>
        </briefdescription>
        <detaileddescription>
        </detaileddescription>
        <inbodydescription>
        </inbodydescription>
        <location file="/home/billyzheng/f1tenth_gym/gym/f110_gym/envs/f110_env_backup.py" line="387" column="1" bodyfile="/home/billyzheng/f1tenth_gym/gym/f110_gym/envs/f110_env_backup.py" bodystart="387" bodyend="-1"/>
      </memberdef>
      <memberdef kind="variable" id="classf110__gym_1_1envs_1_1f110__env__backup_1_1_f110_env_1a34545b59df83e520f7c3031106c5c954" prot="public" static="no" mutable="no">
        <type></type>
        <definition>f110_gym.envs.f110_env_backup.F110Env::collision_angles</definition>
        <argsstring></argsstring>
        <name>collision_angles</name>
        <briefdescription>
        </briefdescription>
        <detaileddescription>
        </detaileddescription>
        <inbodydescription>
        </inbodydescription>
        <location file="/home/billyzheng/f1tenth_gym/gym/f110_gym/envs/f110_env_backup.py" line="404" column="1" bodyfile="/home/billyzheng/f1tenth_gym/gym/f110_gym/envs/f110_env_backup.py" bodystart="404" bodyend="-1"/>
      </memberdef>
      <memberdef kind="variable" id="classf110__gym_1_1envs_1_1f110__env__backup_1_1_f110_env_1ab224af4cddca309ab854b9c26f40868f" prot="public" static="no" mutable="no">
        <type></type>
        <definition>f110_gym.envs.f110_env_backup.F110Env::near_starts</definition>
        <argsstring></argsstring>
        <name>near_starts</name>
        <briefdescription>
        </briefdescription>
        <detaileddescription>
        </detaileddescription>
        <inbodydescription>
        </inbodydescription>
        <location file="/home/billyzheng/f1tenth_gym/gym/f110_gym/envs/f110_env_backup.py" line="407" column="1" bodyfile="/home/billyzheng/f1tenth_gym/gym/f110_gym/envs/f110_env_backup.py" bodystart="407" bodyend="-1"/>
      </memberdef>
      <memberdef kind="variable" id="classf110__gym_1_1envs_1_1f110__env__backup_1_1_f110_env_1ad6e649f8338d89746244b9e6c4bce71b" prot="public" static="no" mutable="no">
        <type></type>
        <definition>f110_gym.envs.f110_env_backup.F110Env::toggle_list</definition>
        <argsstring></argsstring>
        <name>toggle_list</name>
        <briefdescription>
        </briefdescription>
        <detaileddescription>
        </detaileddescription>
        <inbodydescription>
        </inbodydescription>
        <location file="/home/billyzheng/f1tenth_gym/gym/f110_gym/envs/f110_env_backup.py" line="408" column="1" bodyfile="/home/billyzheng/f1tenth_gym/gym/f110_gym/envs/f110_env_backup.py" bodystart="408" bodyend="-1"/>
      </memberdef>
      <memberdef kind="variable" id="classf110__gym_1_1envs_1_1f110__env__backup_1_1_f110_env_1ab5e2d4e41534916caaa9fa2a94979053" prot="public" static="no" mutable="no">
        <type></type>
        <definition>f110_gym.envs.f110_env_backup.F110Env::start_x</definition>
        <argsstring></argsstring>
        <name>start_x</name>
        <briefdescription>
        </briefdescription>
        <detaileddescription>
        </detaileddescription>
        <inbodydescription>
        </inbodydescription>
        <location file="/home/billyzheng/f1tenth_gym/gym/f110_gym/envs/f110_env_backup.py" line="413" column="1" bodyfile="/home/billyzheng/f1tenth_gym/gym/f110_gym/envs/f110_env_backup.py" bodystart="413" bodyend="-1"/>
      </memberdef>
      <memberdef kind="variable" id="classf110__gym_1_1envs_1_1f110__env__backup_1_1_f110_env_1a0959bbc593917d214789b9785a8f8b0c" prot="public" static="no" mutable="no">
        <type></type>
        <definition>f110_gym.envs.f110_env_backup.F110Env::start_y</definition>
        <argsstring></argsstring>
        <name>start_y</name>
        <briefdescription>
        </briefdescription>
        <detaileddescription>
        </detaileddescription>
        <inbodydescription>
        </inbodydescription>
        <location file="/home/billyzheng/f1tenth_gym/gym/f110_gym/envs/f110_env_backup.py" line="414" column="1" bodyfile="/home/billyzheng/f1tenth_gym/gym/f110_gym/envs/f110_env_backup.py" bodystart="414" bodyend="-1"/>
      </memberdef>
      <memberdef kind="variable" id="classf110__gym_1_1envs_1_1f110__env__backup_1_1_f110_env_1a6f808319f37385f5f8f8e9198ad208f6" prot="public" static="no" mutable="no">
        <type></type>
        <definition>f110_gym.envs.f110_env_backup.F110Env::start_theta</definition>
        <argsstring></argsstring>
        <name>start_theta</name>
        <briefdescription>
        </briefdescription>
        <detaileddescription>
        </detaileddescription>
        <inbodydescription>
        </inbodydescription>
        <location file="/home/billyzheng/f1tenth_gym/gym/f110_gym/envs/f110_env_backup.py" line="415" column="1" bodyfile="/home/billyzheng/f1tenth_gym/gym/f110_gym/envs/f110_env_backup.py" bodystart="415" bodyend="-1"/>
      </memberdef>
      <memberdef kind="variable" id="classf110__gym_1_1envs_1_1f110__env__backup_1_1_f110_env_1a894820aea9c0b9c750f165798ab60ba0" prot="public" static="no" mutable="no">
        <type></type>
        <definition>f110_gym.envs.f110_env_backup.F110Env::start_xs</definition>
        <argsstring></argsstring>
        <name>start_xs</name>
        <briefdescription>
        </briefdescription>
        <detaileddescription>
        </detaileddescription>
        <inbodydescription>
        </inbodydescription>
        <location file="/home/billyzheng/f1tenth_gym/gym/f110_gym/envs/f110_env_backup.py" line="416" column="1" bodyfile="/home/billyzheng/f1tenth_gym/gym/f110_gym/envs/f110_env_backup.py" bodystart="416" bodyend="-1"/>
      </memberdef>
      <memberdef kind="variable" id="classf110__gym_1_1envs_1_1f110__env__backup_1_1_f110_env_1ae28edcae46735a4e684140aa05fd099b" prot="public" static="no" mutable="no">
        <type></type>
        <definition>f110_gym.envs.f110_env_backup.F110Env::start_ys</definition>
        <argsstring></argsstring>
        <name>start_ys</name>
        <briefdescription>
        </briefdescription>
        <detaileddescription>
        </detaileddescription>
        <inbodydescription>
        </inbodydescription>
        <location file="/home/billyzheng/f1tenth_gym/gym/f110_gym/envs/f110_env_backup.py" line="417" column="1" bodyfile="/home/billyzheng/f1tenth_gym/gym/f110_gym/envs/f110_env_backup.py" bodystart="417" bodyend="-1"/>
      </memberdef>
      <memberdef kind="variable" id="classf110__gym_1_1envs_1_1f110__env__backup_1_1_f110_env_1a82dcb09e9adb3f73dc1c61a3e406dfe9" prot="public" static="no" mutable="no">
        <type></type>
        <definition>f110_gym.envs.f110_env_backup.F110Env::start_thetas</definition>
        <argsstring></argsstring>
        <name>start_thetas</name>
        <briefdescription>
        </briefdescription>
        <detaileddescription>
        </detaileddescription>
        <inbodydescription>
        </inbodydescription>
        <location file="/home/billyzheng/f1tenth_gym/gym/f110_gym/envs/f110_env_backup.py" line="418" column="1" bodyfile="/home/billyzheng/f1tenth_gym/gym/f110_gym/envs/f110_env_backup.py" bodystart="418" bodyend="-1"/>
      </memberdef>
      <memberdef kind="variable" id="classf110__gym_1_1envs_1_1f110__env__backup_1_1_f110_env_1a50b6912954290c4c5fb9165fc0103628" prot="public" static="no" mutable="no">
        <type></type>
        <definition>f110_gym.envs.f110_env_backup.F110Env::start_rot</definition>
        <argsstring></argsstring>
        <name>start_rot</name>
        <briefdescription>
        </briefdescription>
        <detaileddescription>
        </detaileddescription>
        <inbodydescription>
        </inbodydescription>
        <location file="/home/billyzheng/f1tenth_gym/gym/f110_gym/envs/f110_env_backup.py" line="419" column="1" bodyfile="/home/billyzheng/f1tenth_gym/gym/f110_gym/envs/f110_env_backup.py" bodystart="419" bodyend="-1"/>
      </memberdef>
      <memberdef kind="variable" id="classf110__gym_1_1envs_1_1f110__env__backup_1_1_f110_env_1a59e7a0edc30712fb482c246e01a72368" prot="public" static="no" mutable="no">
        <type></type>
        <definition>f110_gym.envs.f110_env_backup.F110Env::double_finish</definition>
        <argsstring></argsstring>
        <name>double_finish</name>
        <briefdescription>
        </briefdescription>
        <detaileddescription>
        </detaileddescription>
        <inbodydescription>
        </inbodydescription>
        <location file="/home/billyzheng/f1tenth_gym/gym/f110_gym/envs/f110_env_backup.py" line="556" column="1" bodyfile="/home/billyzheng/f1tenth_gym/gym/f110_gym/envs/f110_env_backup.py" bodystart="556" bodyend="-1"/>
      </memberdef>
      </sectiondef>
      <sectiondef kind="public-func">
      <memberdef kind="function" id="classf110__gym_1_1envs_1_1f110__env__backup_1_1_f110_env_1a20cf7bc892fe043174eb7c656b49e54d" prot="public" static="no" const="no" explicit="no" inline="no" virt="non-virtual">
        <type>def</type>
        <definition>def f110_gym.envs.f110_env_backup.F110Env.__init__</definition>
        <argsstring>(self)</argsstring>
        <name>__init__</name>
        <param>
          <type>self</type>
          <defname>self</defname>
        </param>
        <briefdescription>
        </briefdescription>
        <detaileddescription>
        </detaileddescription>
        <inbodydescription>
        </inbodydescription>
        <location file="/home/billyzheng/f1tenth_gym/gym/f110_gym/envs/f110_env_backup.py" line="67" column="1" bodyfile="/home/billyzheng/f1tenth_gym/gym/f110_gym/envs/f110_env_backup.py" bodystart="67" bodyend="174"/>
      </memberdef>
      <memberdef kind="function" id="classf110__gym_1_1envs_1_1f110__env__backup_1_1_f110_env_1ab53974d19ae639eaa8d922db303d21c4" prot="public" static="no" const="no" explicit="no" inline="no" virt="non-virtual">
        <type>def</type>
        <definition>def f110_gym.envs.f110_env_backup.F110Env.__del__</definition>
        <argsstring>(self)</argsstring>
        <name>__del__</name>
        <param>
          <type>self</type>
          <defname>self</defname>
        </param>
        <briefdescription>
        </briefdescription>
        <detaileddescription>
<para><verbatim>Finalizer, does cleanup
</verbatim> </para>
        </detaileddescription>
        <inbodydescription>
        </inbodydescription>
        <location file="/home/billyzheng/f1tenth_gym/gym/f110_gym/envs/f110_env_backup.py" line="175" column="1" bodyfile="/home/billyzheng/f1tenth_gym/gym/f110_gym/envs/f110_env_backup.py" bodystart="175" bodyend="184"/>
      </memberdef>
      <memberdef kind="function" id="classf110__gym_1_1envs_1_1f110__env__backup_1_1_f110_env_1a5613fa6844441b3e94e6c75d2d6235e7" prot="public" static="no" const="no" explicit="no" inline="no" virt="non-virtual">
        <type>def</type>
        <definition>def f110_gym.envs.f110_env_backup.F110Env.step</definition>
        <argsstring>(self, action)</argsstring>
        <name>step</name>
        <param>
          <type>self</type>
          <defname>self</defname>
        </param>
        <param>
          <type>action</type>
          <defname>action</defname>
        </param>
        <briefdescription>
        </briefdescription>
        <detaileddescription>
        </detaileddescription>
        <inbodydescription>
        </inbodydescription>
        <location file="/home/billyzheng/f1tenth_gym/gym/f110_gym/envs/f110_env_backup.py" line="327" column="1" bodyfile="/home/billyzheng/f1tenth_gym/gym/f110_gym/envs/f110_env_backup.py" bodystart="327" bodyend="399"/>
      </memberdef>
      <memberdef kind="function" id="classf110__gym_1_1envs_1_1f110__env__backup_1_1_f110_env_1acc334d94e1a842ed26b8820a9730566e" prot="public" static="no" const="no" explicit="no" inline="no" virt="non-virtual">
        <type>def</type>
        <definition>def f110_gym.envs.f110_env_backup.F110Env.reset</definition>
        <argsstring>(self, poses=None)</argsstring>
        <name>reset</name>
        <param>
          <type>self</type>
          <defname>self</defname>
        </param>
        <param>
          <type>poses</type>
          <defname>poses</defname>
          <defval>None</defval>
        </param>
        <briefdescription>
        </briefdescription>
        <detaileddescription>
        </detaileddescription>
        <inbodydescription>
        </inbodydescription>
        <location file="/home/billyzheng/f1tenth_gym/gym/f110_gym/envs/f110_env_backup.py" line="400" column="1" bodyfile="/home/billyzheng/f1tenth_gym/gym/f110_gym/envs/f110_env_backup.py" bodystart="400" bodyend="462"/>
      </memberdef>
      <memberdef kind="function" id="classf110__gym_1_1envs_1_1f110__env__backup_1_1_f110_env_1acb0331bb92b190cdd592060385726160" prot="public" static="no" const="no" explicit="no" inline="no" virt="non-virtual">
        <type>def</type>
        <definition>def f110_gym.envs.f110_env_backup.F110Env.init_map</definition>
        <argsstring>(self, map_path, img_ext, rgb, flip)</argsstring>
        <name>init_map</name>
        <param>
          <type>self</type>
          <defname>self</defname>
        </param>
        <param>
          <type>map_path</type>
          <defname>map_path</defname>
        </param>
        <param>
          <type>img_ext</type>
          <defname>img_ext</defname>
        </param>
        <param>
          <type>rgb</type>
          <defname>rgb</defname>
        </param>
        <param>
          <type>flip</type>
          <defname>flip</defname>
        </param>
        <briefdescription>
        </briefdescription>
        <detaileddescription>
<para><verbatim>    init a map for the gym env
    map_path: full path for the yaml, same as ROS, img and yaml in same dir
    rgb: map grayscale or rgb
    flip: if map needs flipping
</verbatim> </para>
        </detaileddescription>
        <inbodydescription>
        </inbodydescription>
        <location file="/home/billyzheng/f1tenth_gym/gym/f110_gym/envs/f110_env_backup.py" line="463" column="1" bodyfile="/home/billyzheng/f1tenth_gym/gym/f110_gym/envs/f110_env_backup.py" bodystart="463" bodyend="507"/>
      </memberdef>
      <memberdef kind="function" id="classf110__gym_1_1envs_1_1f110__env__backup_1_1_f110_env_1ad8af92604458991c85e4714ea1db581d" prot="public" static="no" const="no" explicit="no" inline="no" virt="non-virtual">
        <type>def</type>
        <definition>def f110_gym.envs.f110_env_backup.F110Env.render</definition>
        <argsstring>(self, mode=&apos;human&apos;, close=False)</argsstring>
        <name>render</name>
        <param>
          <type>self</type>
          <defname>self</defname>
        </param>
        <param>
          <type>mode</type>
          <defname>mode</defname>
          <defval>&apos;human&apos;</defval>
        </param>
        <param>
          <type>close</type>
          <defname>close</defname>
          <defval>False</defval>
        </param>
        <briefdescription>
        </briefdescription>
        <detaileddescription>
        </detaileddescription>
        <inbodydescription>
        </inbodydescription>
        <location file="/home/billyzheng/f1tenth_gym/gym/f110_gym/envs/f110_env_backup.py" line="508" column="1" bodyfile="/home/billyzheng/f1tenth_gym/gym/f110_gym/envs/f110_env_backup.py" bodystart="508" bodyend="510"/>
      </memberdef>
      <memberdef kind="function" id="classf110__gym_1_1envs_1_1f110__env__backup_1_1_f110_env_1afd60c71c7b15c805310a4ac3510d70d2" prot="public" static="no" const="no" explicit="no" inline="no" virt="non-virtual">
        <type>def</type>
        <definition>def f110_gym.envs.f110_env_backup.F110Env.update_params</definition>
        <argsstring>(self, mu, h_cg, l_r, cs_f, cs_r, I_z, mass, exe_path, double_finish=False)</argsstring>
        <name>update_params</name>
        <param>
          <type>self</type>
          <defname>self</defname>
        </param>
        <param>
          <type>mu</type>
          <defname>mu</defname>
        </param>
        <param>
          <type>h_cg</type>
          <defname>h_cg</defname>
        </param>
        <param>
          <type>l_r</type>
          <defname>l_r</defname>
        </param>
        <param>
          <type>cs_f</type>
          <defname>cs_f</defname>
        </param>
        <param>
          <type>cs_r</type>
          <defname>cs_r</defname>
        </param>
        <param>
          <type>I_z</type>
          <defname>I_z</defname>
        </param>
        <param>
          <type>mass</type>
          <defname>mass</defname>
        </param>
        <param>
          <type>exe_path</type>
          <defname>exe_path</defname>
        </param>
        <param>
          <type>double_finish</type>
          <defname>double_finish</defname>
          <defval>False</defval>
        </param>
        <briefdescription>
        </briefdescription>
        <detaileddescription>
        </detaileddescription>
        <inbodydescription>
        </inbodydescription>
        <location file="/home/billyzheng/f1tenth_gym/gym/f110_gym/envs/f110_env_backup.py" line="541" column="1" bodyfile="/home/billyzheng/f1tenth_gym/gym/f110_gym/envs/f110_env_backup.py" bodystart="541" bodyend="588"/>
      </memberdef>
      </sectiondef>
      <sectiondef kind="private-func">
      <memberdef kind="function" id="classf110__gym_1_1envs_1_1f110__env__backup_1_1_f110_env_1a9d9675c2f9268fc77a8521ffdcf09b07" prot="private" static="no" const="no" explicit="no" inline="no" virt="non-virtual">
        <type>def</type>
        <definition>def f110_gym.envs.f110_env_backup.F110Env._start_executable</definition>
        <argsstring>(self, path)</argsstring>
        <name>_start_executable</name>
        <param>
          <type>self</type>
          <defname>self</defname>
        </param>
        <param>
          <type>path</type>
          <defname>path</defname>
        </param>
        <briefdescription>
        </briefdescription>
        <detaileddescription>
        </detaileddescription>
        <inbodydescription>
        </inbodydescription>
        <location file="/home/billyzheng/f1tenth_gym/gym/f110_gym/envs/f110_env_backup.py" line="185" column="1" bodyfile="/home/billyzheng/f1tenth_gym/gym/f110_gym/envs/f110_env_backup.py" bodystart="185" bodyend="195"/>
      </memberdef>
      <memberdef kind="function" id="classf110__gym_1_1envs_1_1f110__env__backup_1_1_f110_env_1a21067a7283751af26448552a976a9c71" prot="private" static="no" const="no" explicit="no" inline="no" virt="non-virtual">
        <type>def</type>
        <definition>def f110_gym.envs.f110_env_backup.F110Env._set_map</definition>
        <argsstring>(self)</argsstring>
        <name>_set_map</name>
        <param>
          <type>self</type>
          <defname>self</defname>
        </param>
        <briefdescription>
        </briefdescription>
        <detaileddescription>
<para><verbatim>Sets the map for the simulator instance
</verbatim> </para>
        </detaileddescription>
        <inbodydescription>
        </inbodydescription>
        <location file="/home/billyzheng/f1tenth_gym/gym/f110_gym/envs/f110_env_backup.py" line="196" column="1" bodyfile="/home/billyzheng/f1tenth_gym/gym/f110_gym/envs/f110_env_backup.py" bodystart="196" bodyend="229"/>
      </memberdef>
      <memberdef kind="function" id="classf110__gym_1_1envs_1_1f110__env__backup_1_1_f110_env_1a0fd67b8765be08da96125421849d3144" prot="private" static="no" const="no" explicit="no" inline="no" virt="non-virtual">
        <type>def</type>
        <definition>def f110_gym.envs.f110_env_backup.F110Env._check_done</definition>
        <argsstring>(self)</argsstring>
        <name>_check_done</name>
        <param>
          <type>self</type>
          <defname>self</defname>
        </param>
        <briefdescription>
        </briefdescription>
        <detaileddescription>
<para><verbatim>Check if the episode is done
This is in terms of the ego car
For our case, whether the car ends up close enough to the starting point
And if accumulated time is over the timeout
return true if done, false if not
This assumes start is always (0, 0)</verbatim> </para>
        </detaileddescription>
        <inbodydescription>
        </inbodydescription>
        <location file="/home/billyzheng/f1tenth_gym/gym/f110_gym/envs/f110_env_backup.py" line="230" column="1" bodyfile="/home/billyzheng/f1tenth_gym/gym/f110_gym/envs/f110_env_backup.py" bodystart="230" bodyend="293"/>
      </memberdef>
      <memberdef kind="function" id="classf110__gym_1_1envs_1_1f110__env__backup_1_1_f110_env_1a1d022634e984cb72c21b0a4b097dd4bc" prot="private" static="no" const="no" explicit="no" inline="no" virt="non-virtual">
        <type>def</type>
        <definition>def f110_gym.envs.f110_env_backup.F110Env._check_passed</definition>
        <argsstring>(self)</argsstring>
        <name>_check_passed</name>
        <param>
          <type>self</type>
          <defname>self</defname>
        </param>
        <briefdescription>
        </briefdescription>
        <detaileddescription>
<para><verbatim>Returns the times that the ego car overtook the other car
</verbatim> </para>
        </detaileddescription>
        <inbodydescription>
        </inbodydescription>
        <location file="/home/billyzheng/f1tenth_gym/gym/f110_gym/envs/f110_env_backup.py" line="294" column="1" bodyfile="/home/billyzheng/f1tenth_gym/gym/f110_gym/envs/f110_env_backup.py" bodystart="294" bodyend="299"/>
      </memberdef>
      <memberdef kind="function" id="classf110__gym_1_1envs_1_1f110__env__backup_1_1_f110_env_1a2bf2e9b454b5088eee0cacfaf806ef5a" prot="private" static="no" const="no" explicit="no" inline="no" virt="non-virtual">
        <type>def</type>
        <definition>def f110_gym.envs.f110_env_backup.F110Env._update_state</definition>
        <argsstring>(self, obs_dict)</argsstring>
        <name>_update_state</name>
        <param>
          <type>self</type>
          <defname>self</defname>
        </param>
        <param>
          <type>obs_dict</type>
          <defname>obs_dict</defname>
        </param>
        <briefdescription>
        </briefdescription>
        <detaileddescription>
<para><verbatim>Update the env&apos;s states according to observations
obs is observation dictionary
</verbatim> </para>
        </detaileddescription>
        <inbodydescription>
        </inbodydescription>
        <location file="/home/billyzheng/f1tenth_gym/gym/f110_gym/envs/f110_env_backup.py" line="300" column="1" bodyfile="/home/billyzheng/f1tenth_gym/gym/f110_gym/envs/f110_env_backup.py" bodystart="300" bodyend="314"/>
      </memberdef>
      <memberdef kind="function" id="classf110__gym_1_1envs_1_1f110__env__backup_1_1_f110_env_1a8c9a1d3421c51841565bee8a1f9a464c" prot="private" static="no" const="no" explicit="no" inline="no" virt="non-virtual">
        <type>def</type>
        <definition>def f110_gym.envs.f110_env_backup.F110Env._raycast_opponents</definition>
        <argsstring>(self, obs_dict)</argsstring>
        <name>_raycast_opponents</name>
        <param>
          <type>self</type>
          <defname>self</defname>
        </param>
        <param>
          <type>obs_dict</type>
          <defname>obs_dict</defname>
        </param>
        <briefdescription>
        </briefdescription>
        <detaileddescription>
        </detaileddescription>
        <inbodydescription>
        </inbodydescription>
        <location file="/home/billyzheng/f1tenth_gym/gym/f110_gym/envs/f110_env_backup.py" line="318" column="1" bodyfile="/home/billyzheng/f1tenth_gym/gym/f110_gym/envs/f110_env_backup.py" bodystart="318" bodyend="326"/>
      </memberdef>
      </sectiondef>
    <briefdescription>
    </briefdescription>
    <detaileddescription>
<para><verbatim>OpenAI gym environment for F1/10 simulator
Use 0mq&apos;s REQ-REP pattern to communicate to the C++ simulator
ONE env has ONE corresponding C++ instance
Need to create env with map input, full path to map yaml file, map pgm image and yaml should be in same directory

should be initialized with a map, a timestep, and number of agents
</verbatim> </para>
    </detaileddescription>
    <inheritancegraph>
      <node id="1">
        <label>f110_gym.envs.f110_env_backup.F110Env</label>
        <link refid="classf110__gym_1_1envs_1_1f110__env__backup_1_1_f110_env"/>
        <childnode refid="2" relation="public-inheritance">
        </childnode>
        <childnode refid="3" relation="public-inheritance">
        </childnode>
      </node>
      <node id="3">
        <label>utils::EzPickle</label>
      </node>
      <node id="2">
        <label>gym::Env</label>
      </node>
    </inheritancegraph>
    <collaborationgraph>
      <node id="1">
        <label>f110_gym.envs.f110_env_backup.F110Env</label>
        <link refid="classf110__gym_1_1envs_1_1f110__env__backup_1_1_f110_env"/>
        <childnode refid="2" relation="public-inheritance">
        </childnode>
        <childnode refid="3" relation="public-inheritance">
        </childnode>
      </node>
      <node id="3">
        <label>utils::EzPickle</label>
      </node>
      <node id="2">
        <label>gym::Env</label>
      </node>
    </collaborationgraph>
    <location file="/home/billyzheng/f1tenth_gym/gym/f110_gym/envs/f110_env_backup.py" line="56" column="1" bodyfile="/home/billyzheng/f1tenth_gym/gym/f110_gym/envs/f110_env_backup.py" bodystart="56" bodyend="588"/>
    <listofallmembers>
      <member refid="classf110__gym_1_1envs_1_1f110__env__backup_1_1_f110_env_1ab53974d19ae639eaa8d922db303d21c4" prot="public" virt="non-virtual"><scope>f110_gym::envs::f110_env_backup::F110Env</scope><name>__del__</name></member>
      <member refid="classf110__gym_1_1envs_1_1f110__env__backup_1_1_f110_env_1a20cf7bc892fe043174eb7c656b49e54d" prot="public" virt="non-virtual"><scope>f110_gym::envs::f110_env_backup::F110Env</scope><name>__init__</name></member>
      <member refid="classf110__gym_1_1envs_1_1f110__env__backup_1_1_f110_env_1a0fd67b8765be08da96125421849d3144" prot="private" virt="non-virtual"><scope>f110_gym::envs::f110_env_backup::F110Env</scope><name>_check_done</name></member>
      <member refid="classf110__gym_1_1envs_1_1f110__env__backup_1_1_f110_env_1a1d022634e984cb72c21b0a4b097dd4bc" prot="private" virt="non-virtual"><scope>f110_gym::envs::f110_env_backup::F110Env</scope><name>_check_passed</name></member>
      <member refid="classf110__gym_1_1envs_1_1f110__env__backup_1_1_f110_env_1a8c9a1d3421c51841565bee8a1f9a464c" prot="private" virt="non-virtual"><scope>f110_gym::envs::f110_env_backup::F110Env</scope><name>_raycast_opponents</name></member>
      <member refid="classf110__gym_1_1envs_1_1f110__env__backup_1_1_f110_env_1a21067a7283751af26448552a976a9c71" prot="private" virt="non-virtual"><scope>f110_gym::envs::f110_env_backup::F110Env</scope><name>_set_map</name></member>
      <member refid="classf110__gym_1_1envs_1_1f110__env__backup_1_1_f110_env_1a9d9675c2f9268fc77a8521ffdcf09b07" prot="private" virt="non-virtual"><scope>f110_gym::envs::f110_env_backup::F110Env</scope><name>_start_executable</name></member>
      <member refid="classf110__gym_1_1envs_1_1f110__env__backup_1_1_f110_env_1a2bf2e9b454b5088eee0cacfaf806ef5a" prot="private" virt="non-virtual"><scope>f110_gym::envs::f110_env_backup::F110Env</scope><name>_update_state</name></member>
      <member refid="classf110__gym_1_1envs_1_1f110__env__backup_1_1_f110_env_1aeb9374dba01e21d5fd618d0736573f77" prot="public" virt="non-virtual"><scope>f110_gym::envs::f110_env_backup::F110Env</scope><name>all_x</name></member>
      <member refid="classf110__gym_1_1envs_1_1f110__env__backup_1_1_f110_env_1aebf4ff49efe573bdbe29b190528256f1" prot="public" virt="non-virtual"><scope>f110_gym::envs::f110_env_backup::F110Env</scope><name>all_y</name></member>
      <member refid="classf110__gym_1_1envs_1_1f110__env__backup_1_1_f110_env_1a88dd2fd1f2dc0ef251a079d3e74622fe" prot="public" virt="non-virtual"><scope>f110_gym::envs::f110_env_backup::F110Env</scope><name>collision_angle</name></member>
      <member refid="classf110__gym_1_1envs_1_1f110__env__backup_1_1_f110_env_1a34545b59df83e520f7c3031106c5c954" prot="public" virt="non-virtual"><scope>f110_gym::envs::f110_env_backup::F110Env</scope><name>collision_angles</name></member>
      <member refid="classf110__gym_1_1envs_1_1f110__env__backup_1_1_f110_env_1aa3367f6570455c5311e075b4b9f91c56" prot="public" virt="non-virtual"><scope>f110_gym::envs::f110_env_backup::F110Env</scope><name>context</name></member>
      <member refid="classf110__gym_1_1envs_1_1f110__env__backup_1_1_f110_env_1ab629b0d75ade059476f2bf4237798101" prot="public" virt="non-virtual"><scope>f110_gym::envs::f110_env_backup::F110Env</scope><name>current_time</name></member>
      <member refid="classf110__gym_1_1envs_1_1f110__env__backup_1_1_f110_env_1a59e7a0edc30712fb482c246e01a72368" prot="public" virt="non-virtual"><scope>f110_gym::envs::f110_env_backup::F110Env</scope><name>double_finish</name></member>
      <member refid="classf110__gym_1_1envs_1_1f110__env__backup_1_1_f110_env_1ae4babdba55642fab735d03c5672ed5ad" prot="public" virt="non-virtual"><scope>f110_gym::envs::f110_env_backup::F110Env</scope><name>ego_idx</name></member>
      <member refid="classf110__gym_1_1envs_1_1f110__env__backup_1_1_f110_env_1a7456387ff1b9e6832dd205ed891bc750" prot="public" virt="non-virtual"><scope>f110_gym::envs::f110_env_backup::F110Env</scope><name>free_thresh</name></member>
      <member refid="classf110__gym_1_1envs_1_1f110__env__backup_1_1_f110_env_1a68efc45c0a66e4652697146e18c8a570" prot="public" virt="non-virtual"><scope>f110_gym::envs::f110_env_backup::F110Env</scope><name>in_collision</name></member>
      <member refid="classf110__gym_1_1envs_1_1f110__env__backup_1_1_f110_env_1acb0331bb92b190cdd592060385726160" prot="public" virt="non-virtual"><scope>f110_gym::envs::f110_env_backup::F110Env</scope><name>init_map</name></member>
      <member refid="classf110__gym_1_1envs_1_1f110__env__backup_1_1_f110_env_1a3eb59d52fbc4d767e2c7ed0c64b8650f" prot="public" virt="non-virtual"><scope>f110_gym::envs::f110_env_backup::F110Env</scope><name>lap_counts</name></member>
      <member refid="classf110__gym_1_1envs_1_1f110__env__backup_1_1_f110_env_1aa7af900e93ae4b180e89e7d48e242033" prot="public" virt="non-virtual"><scope>f110_gym::envs::f110_env_backup::F110Env</scope><name>lap_times</name></member>
      <member refid="classf110__gym_1_1envs_1_1f110__env__backup_1_1_f110_env_1a476dab30a81d8794d89f0bd85b3e7884" prot="public" virt="non-virtual"><scope>f110_gym::envs::f110_env_backup::F110Env</scope><name>map_height</name></member>
      <member refid="classf110__gym_1_1envs_1_1f110__env__backup_1_1_f110_env_1a52b5d0f196c9cd9e34464d3cf4cf1f34" prot="public" virt="non-virtual"><scope>f110_gym::envs::f110_env_backup::F110Env</scope><name>map_img</name></member>
      <member refid="classf110__gym_1_1envs_1_1f110__env__backup_1_1_f110_env_1a58740f3bf62a7bf263a13b47cdf5d797" prot="public" virt="non-virtual"><scope>f110_gym::envs::f110_env_backup::F110Env</scope><name>map_inited</name></member>
      <member refid="classf110__gym_1_1envs_1_1f110__env__backup_1_1_f110_env_1ad417d87c39e8046ab2a66fd11d5910b8" prot="public" virt="non-virtual"><scope>f110_gym::envs::f110_env_backup::F110Env</scope><name>map_path</name></member>
      <member refid="classf110__gym_1_1envs_1_1f110__env__backup_1_1_f110_env_1a1ec9b2bc2142334a2b8a2d028adcace8" prot="public" virt="non-virtual"><scope>f110_gym::envs::f110_env_backup::F110Env</scope><name>map_resolution</name></member>
      <member refid="classf110__gym_1_1envs_1_1f110__env__backup_1_1_f110_env_1a2f4a85b1b83b203bc5549b6bff0bf2d1" prot="public" virt="non-virtual"><scope>f110_gym::envs::f110_env_backup::F110Env</scope><name>map_width</name></member>
      <member refid="classf110__gym_1_1envs_1_1f110__env__backup_1_1_f110_env_1a33621c905b3ce566450c77b923ef79ee" prot="public" virt="non-virtual"><scope>f110_gym::envs::f110_env_backup::F110Env</scope><name>metadata</name></member>
      <member refid="classf110__gym_1_1envs_1_1f110__env__backup_1_1_f110_env_1a1c3ac639a2b0773d99043c2b911970d7" prot="public" virt="non-virtual"><scope>f110_gym::envs::f110_env_backup::F110Env</scope><name>near_start</name></member>
      <member refid="classf110__gym_1_1envs_1_1f110__env__backup_1_1_f110_env_1ab224af4cddca309ab854b9c26f40868f" prot="public" virt="non-virtual"><scope>f110_gym::envs::f110_env_backup::F110Env</scope><name>near_starts</name></member>
      <member refid="classf110__gym_1_1envs_1_1f110__env__backup_1_1_f110_env_1ac6a6a423017697870d6f1c6828325336" prot="public" virt="non-virtual"><scope>f110_gym::envs::f110_env_backup::F110Env</scope><name>num_agents</name></member>
      <member refid="classf110__gym_1_1envs_1_1f110__env__backup_1_1_f110_env_1ac19a932655f1f9a6e8065df37bbe9f80" prot="public" virt="non-virtual"><scope>f110_gym::envs::f110_env_backup::F110Env</scope><name>num_toggles</name></member>
      <member refid="classf110__gym_1_1envs_1_1f110__env__backup_1_1_f110_env_1a2e1491609720111b7065748ad37e8512" prot="public" virt="non-virtual"><scope>f110_gym::envs::f110_env_backup::F110Env</scope><name>origin</name></member>
      <member refid="classf110__gym_1_1envs_1_1f110__env__backup_1_1_f110_env_1a9e292f161315ed1a0f3c3886bf49ded9" prot="public" virt="non-virtual"><scope>f110_gym::envs::f110_env_backup::F110Env</scope><name>params</name></member>
      <member refid="classf110__gym_1_1envs_1_1f110__env__backup_1_1_f110_env_1a2efb58b38020d194c865ac289009ba4a" prot="public" virt="non-virtual"><scope>f110_gym::envs::f110_env_backup::F110Env</scope><name>params_set</name></member>
      <member refid="classf110__gym_1_1envs_1_1f110__env__backup_1_1_f110_env_1a0e6a85d0de7165369ce8fcd18be9d885" prot="public" virt="non-virtual"><scope>f110_gym::envs::f110_env_backup::F110Env</scope><name>port</name></member>
      <member refid="classf110__gym_1_1envs_1_1f110__env__backup_1_1_f110_env_1ad8af92604458991c85e4714ea1db581d" prot="public" virt="non-virtual"><scope>f110_gym::envs::f110_env_backup::F110Env</scope><name>render</name></member>
      <member refid="classf110__gym_1_1envs_1_1f110__env__backup_1_1_f110_env_1acc334d94e1a842ed26b8820a9730566e" prot="public" virt="non-virtual"><scope>f110_gym::envs::f110_env_backup::F110Env</scope><name>reset</name></member>
      <member refid="classf110__gym_1_1envs_1_1f110__env__backup_1_1_f110_env_1a23d4e3c74f19290571ce06f57c68de01" prot="public" virt="non-virtual"><scope>f110_gym::envs::f110_env_backup::F110Env</scope><name>sim_p</name></member>
      <member refid="classf110__gym_1_1envs_1_1f110__env__backup_1_1_f110_env_1afc0972d462163211e9b9e47a2844e64f" prot="public" virt="non-virtual"><scope>f110_gym::envs::f110_env_backup::F110Env</scope><name>socket</name></member>
      <member refid="classf110__gym_1_1envs_1_1f110__env__backup_1_1_f110_env_1a50b6912954290c4c5fb9165fc0103628" prot="public" virt="non-virtual"><scope>f110_gym::envs::f110_env_backup::F110Env</scope><name>start_rot</name></member>
      <member refid="classf110__gym_1_1envs_1_1f110__env__backup_1_1_f110_env_1a6f808319f37385f5f8f8e9198ad208f6" prot="public" virt="non-virtual"><scope>f110_gym::envs::f110_env_backup::F110Env</scope><name>start_theta</name></member>
      <member refid="classf110__gym_1_1envs_1_1f110__env__backup_1_1_f110_env_1a82dcb09e9adb3f73dc1c61a3e406dfe9" prot="public" virt="non-virtual"><scope>f110_gym::envs::f110_env_backup::F110Env</scope><name>start_thetas</name></member>
      <member refid="classf110__gym_1_1envs_1_1f110__env__backup_1_1_f110_env_1af3d3f69953f78a141b98f3d738a15530" prot="public" virt="non-virtual"><scope>f110_gym::envs::f110_env_backup::F110Env</scope><name>start_thresh</name></member>
      <member refid="classf110__gym_1_1envs_1_1f110__env__backup_1_1_f110_env_1ab5e2d4e41534916caaa9fa2a94979053" prot="public" virt="non-virtual"><scope>f110_gym::envs::f110_env_backup::F110Env</scope><name>start_x</name></member>
      <member refid="classf110__gym_1_1envs_1_1f110__env__backup_1_1_f110_env_1a894820aea9c0b9c750f165798ab60ba0" prot="public" virt="non-virtual"><scope>f110_gym::envs::f110_env_backup::F110Env</scope><name>start_xs</name></member>
      <member refid="classf110__gym_1_1envs_1_1f110__env__backup_1_1_f110_env_1a0959bbc593917d214789b9785a8f8b0c" prot="public" virt="non-virtual"><scope>f110_gym::envs::f110_env_backup::F110Env</scope><name>start_y</name></member>
      <member refid="classf110__gym_1_1envs_1_1f110__env__backup_1_1_f110_env_1ae28edcae46735a4e684140aa05fd099b" prot="public" virt="non-virtual"><scope>f110_gym::envs::f110_env_backup::F110Env</scope><name>start_ys</name></member>
      <member refid="classf110__gym_1_1envs_1_1f110__env__backup_1_1_f110_env_1a5613fa6844441b3e94e6c75d2d6235e7" prot="public" virt="non-virtual"><scope>f110_gym::envs::f110_env_backup::F110Env</scope><name>step</name></member>
      <member refid="classf110__gym_1_1envs_1_1f110__env__backup_1_1_f110_env_1a1dc4f5c9ab99353e2c364d42daf5a180" prot="public" virt="non-virtual"><scope>f110_gym::envs::f110_env_backup::F110Env</scope><name>theta</name></member>
      <member refid="classf110__gym_1_1envs_1_1f110__env__backup_1_1_f110_env_1ae2047312369a5e949b09e1c5b067412f" prot="public" virt="non-virtual"><scope>f110_gym::envs::f110_env_backup::F110Env</scope><name>timeout</name></member>
      <member refid="classf110__gym_1_1envs_1_1f110__env__backup_1_1_f110_env_1a89f5296784405aeaa52325a8dac4420e" prot="public" virt="non-virtual"><scope>f110_gym::envs::f110_env_backup::F110Env</scope><name>timestep</name></member>
      <member refid="classf110__gym_1_1envs_1_1f110__env__backup_1_1_f110_env_1ad6e649f8338d89746244b9e6c4bce71b" prot="public" virt="non-virtual"><scope>f110_gym::envs::f110_env_backup::F110Env</scope><name>toggle_list</name></member>
      <member refid="classf110__gym_1_1envs_1_1f110__env__backup_1_1_f110_env_1afd60c71c7b15c805310a4ac3510d70d2" prot="public" virt="non-virtual"><scope>f110_gym::envs::f110_env_backup::F110Env</scope><name>update_params</name></member>
      <member refid="classf110__gym_1_1envs_1_1f110__env__backup_1_1_f110_env_1a0a9dbd46041d336a1d6b28ea01418d91" prot="public" virt="non-virtual"><scope>f110_gym::envs::f110_env_backup::F110Env</scope><name>x</name></member>
      <member refid="classf110__gym_1_1envs_1_1f110__env__backup_1_1_f110_env_1a2fd95411b8a24759642863111ed0f513" prot="public" virt="non-virtual"><scope>f110_gym::envs::f110_env_backup::F110Env</scope><name>y</name></member>
    </listofallmembers>
  </compounddef>
</doxygen>
