<?xml version='1.0' encoding='UTF-8' standalone='no'?>
<doxygen xmlns:xsi="http://www.w3.org/2001/XMLSchema-instance" xsi:noNamespaceSchemaLocation="compound.xsd" version="1.8.17">
  <compounddef id="classf110__gym_1_1envs_1_1laser__models_1_1_scan_simulator2_d" kind="class" language="Python" prot="public">
    <compoundname>f110_gym::envs::laser_models::ScanSimulator2D</compoundname>
    <basecompoundref prot="public" virt="non-virtual">object</basecompoundref>
      <sectiondef kind="public-attrib">
      <memberdef kind="variable" id="classf110__gym_1_1envs_1_1laser__models_1_1_scan_simulator2_d_1a8fd8d9f11c319090584c221e51aa4975" prot="public" static="no" mutable="no">
        <type></type>
        <definition>f110_gym.envs.laser_models.ScanSimulator2D::num_beams</definition>
        <argsstring></argsstring>
        <name>num_beams</name>
        <briefdescription>
        </briefdescription>
        <detaileddescription>
        </detaileddescription>
        <inbodydescription>
        </inbodydescription>
        <location file="/home/billyzheng/f1tenth_gym/gym/f110_gym/envs/laser_models.py" line="329" column="1" bodyfile="/home/billyzheng/f1tenth_gym/gym/f110_gym/envs/laser_models.py" bodystart="329" bodyend="-1"/>
      </memberdef>
      <memberdef kind="variable" id="classf110__gym_1_1envs_1_1laser__models_1_1_scan_simulator2_d_1ae57ad1092f12be1967de4853eca1327d" prot="public" static="no" mutable="no">
        <type></type>
        <definition>f110_gym.envs.laser_models.ScanSimulator2D::fov</definition>
        <argsstring></argsstring>
        <name>fov</name>
        <briefdescription>
        </briefdescription>
        <detaileddescription>
        </detaileddescription>
        <inbodydescription>
        </inbodydescription>
        <location file="/home/billyzheng/f1tenth_gym/gym/f110_gym/envs/laser_models.py" line="330" column="1" bodyfile="/home/billyzheng/f1tenth_gym/gym/f110_gym/envs/laser_models.py" bodystart="330" bodyend="-1"/>
      </memberdef>
      <memberdef kind="variable" id="classf110__gym_1_1envs_1_1laser__models_1_1_scan_simulator2_d_1a2aa400b42babfa82f677356aaa16a0f4" prot="public" static="no" mutable="no">
        <type></type>
        <definition>f110_gym.envs.laser_models.ScanSimulator2D::std_dev</definition>
        <argsstring></argsstring>
        <name>std_dev</name>
        <briefdescription>
        </briefdescription>
        <detaileddescription>
        </detaileddescription>
        <inbodydescription>
        </inbodydescription>
        <location file="/home/billyzheng/f1tenth_gym/gym/f110_gym/envs/laser_models.py" line="331" column="1" bodyfile="/home/billyzheng/f1tenth_gym/gym/f110_gym/envs/laser_models.py" bodystart="331" bodyend="-1"/>
      </memberdef>
      <memberdef kind="variable" id="classf110__gym_1_1envs_1_1laser__models_1_1_scan_simulator2_d_1a02bf0c833e93628643a20cceeb33b029" prot="public" static="no" mutable="no">
        <type></type>
        <definition>f110_gym.envs.laser_models.ScanSimulator2D::eps</definition>
        <argsstring></argsstring>
        <name>eps</name>
        <briefdescription>
        </briefdescription>
        <detaileddescription>
        </detaileddescription>
        <inbodydescription>
        </inbodydescription>
        <location file="/home/billyzheng/f1tenth_gym/gym/f110_gym/envs/laser_models.py" line="332" column="1" bodyfile="/home/billyzheng/f1tenth_gym/gym/f110_gym/envs/laser_models.py" bodystart="332" bodyend="-1"/>
      </memberdef>
      <memberdef kind="variable" id="classf110__gym_1_1envs_1_1laser__models_1_1_scan_simulator2_d_1af21e0a0ddd2fc95ec4291db6b33cd591" prot="public" static="no" mutable="no">
        <type></type>
        <definition>f110_gym.envs.laser_models.ScanSimulator2D::theta_dis</definition>
        <argsstring></argsstring>
        <name>theta_dis</name>
        <briefdescription>
        </briefdescription>
        <detaileddescription>
        </detaileddescription>
        <inbodydescription>
        </inbodydescription>
        <location file="/home/billyzheng/f1tenth_gym/gym/f110_gym/envs/laser_models.py" line="333" column="1" bodyfile="/home/billyzheng/f1tenth_gym/gym/f110_gym/envs/laser_models.py" bodystart="333" bodyend="-1"/>
      </memberdef>
      <memberdef kind="variable" id="classf110__gym_1_1envs_1_1laser__models_1_1_scan_simulator2_d_1af08e1ef6b6397c51fdd3e612dceb17b5" prot="public" static="no" mutable="no">
        <type></type>
        <definition>f110_gym.envs.laser_models.ScanSimulator2D::max_range</definition>
        <argsstring></argsstring>
        <name>max_range</name>
        <briefdescription>
        </briefdescription>
        <detaileddescription>
        </detaileddescription>
        <inbodydescription>
        </inbodydescription>
        <location file="/home/billyzheng/f1tenth_gym/gym/f110_gym/envs/laser_models.py" line="334" column="1" bodyfile="/home/billyzheng/f1tenth_gym/gym/f110_gym/envs/laser_models.py" bodystart="334" bodyend="-1"/>
      </memberdef>
      <memberdef kind="variable" id="classf110__gym_1_1envs_1_1laser__models_1_1_scan_simulator2_d_1a68ab73d8b055703de7c4eb33ec54520a" prot="public" static="no" mutable="no">
        <type></type>
        <definition>f110_gym.envs.laser_models.ScanSimulator2D::angle_increment</definition>
        <argsstring></argsstring>
        <name>angle_increment</name>
        <briefdescription>
        </briefdescription>
        <detaileddescription>
        </detaileddescription>
        <inbodydescription>
        </inbodydescription>
        <location file="/home/billyzheng/f1tenth_gym/gym/f110_gym/envs/laser_models.py" line="335" column="1" bodyfile="/home/billyzheng/f1tenth_gym/gym/f110_gym/envs/laser_models.py" bodystart="335" bodyend="-1"/>
      </memberdef>
      <memberdef kind="variable" id="classf110__gym_1_1envs_1_1laser__models_1_1_scan_simulator2_d_1aabde525512f31433f532639175f50ba3" prot="public" static="no" mutable="no">
        <type></type>
        <definition>f110_gym.envs.laser_models.ScanSimulator2D::theta_index_increment</definition>
        <argsstring></argsstring>
        <name>theta_index_increment</name>
        <briefdescription>
        </briefdescription>
        <detaileddescription>
        </detaileddescription>
        <inbodydescription>
        </inbodydescription>
        <location file="/home/billyzheng/f1tenth_gym/gym/f110_gym/envs/laser_models.py" line="336" column="1" bodyfile="/home/billyzheng/f1tenth_gym/gym/f110_gym/envs/laser_models.py" bodystart="336" bodyend="-1"/>
      </memberdef>
      <memberdef kind="variable" id="classf110__gym_1_1envs_1_1laser__models_1_1_scan_simulator2_d_1a12a635318c521153364d75b103905673" prot="public" static="no" mutable="no">
        <type></type>
        <definition>f110_gym.envs.laser_models.ScanSimulator2D::orig_c</definition>
        <argsstring></argsstring>
        <name>orig_c</name>
        <briefdescription>
        </briefdescription>
        <detaileddescription>
        </detaileddescription>
        <inbodydescription>
        </inbodydescription>
        <location file="/home/billyzheng/f1tenth_gym/gym/f110_gym/envs/laser_models.py" line="337" column="1" bodyfile="/home/billyzheng/f1tenth_gym/gym/f110_gym/envs/laser_models.py" bodystart="337" bodyend="-1"/>
      </memberdef>
      <memberdef kind="variable" id="classf110__gym_1_1envs_1_1laser__models_1_1_scan_simulator2_d_1aedb545195be8c54364e38ccf0c0b3d00" prot="public" static="no" mutable="no">
        <type></type>
        <definition>f110_gym.envs.laser_models.ScanSimulator2D::orig_s</definition>
        <argsstring></argsstring>
        <name>orig_s</name>
        <briefdescription>
        </briefdescription>
        <detaileddescription>
        </detaileddescription>
        <inbodydescription>
        </inbodydescription>
        <location file="/home/billyzheng/f1tenth_gym/gym/f110_gym/envs/laser_models.py" line="338" column="1" bodyfile="/home/billyzheng/f1tenth_gym/gym/f110_gym/envs/laser_models.py" bodystart="338" bodyend="-1"/>
      </memberdef>
      <memberdef kind="variable" id="classf110__gym_1_1envs_1_1laser__models_1_1_scan_simulator2_d_1aecd0f30707bb8c82f59ae48ae2a478c2" prot="public" static="no" mutable="no">
        <type></type>
        <definition>f110_gym.envs.laser_models.ScanSimulator2D::orig_x</definition>
        <argsstring></argsstring>
        <name>orig_x</name>
        <briefdescription>
        </briefdescription>
        <detaileddescription>
        </detaileddescription>
        <inbodydescription>
        </inbodydescription>
        <location file="/home/billyzheng/f1tenth_gym/gym/f110_gym/envs/laser_models.py" line="339" column="1" bodyfile="/home/billyzheng/f1tenth_gym/gym/f110_gym/envs/laser_models.py" bodystart="339" bodyend="-1"/>
      </memberdef>
      <memberdef kind="variable" id="classf110__gym_1_1envs_1_1laser__models_1_1_scan_simulator2_d_1a03e555b505b745f98dfd8a5cc4e1d013" prot="public" static="no" mutable="no">
        <type></type>
        <definition>f110_gym.envs.laser_models.ScanSimulator2D::orig_y</definition>
        <argsstring></argsstring>
        <name>orig_y</name>
        <briefdescription>
        </briefdescription>
        <detaileddescription>
        </detaileddescription>
        <inbodydescription>
        </inbodydescription>
        <location file="/home/billyzheng/f1tenth_gym/gym/f110_gym/envs/laser_models.py" line="340" column="1" bodyfile="/home/billyzheng/f1tenth_gym/gym/f110_gym/envs/laser_models.py" bodystart="340" bodyend="-1"/>
      </memberdef>
      <memberdef kind="variable" id="classf110__gym_1_1envs_1_1laser__models_1_1_scan_simulator2_d_1ae2c136fdda428bed3de1f7ab30cda72c" prot="public" static="no" mutable="no">
        <type></type>
        <definition>f110_gym.envs.laser_models.ScanSimulator2D::map_height</definition>
        <argsstring></argsstring>
        <name>map_height</name>
        <briefdescription>
        </briefdescription>
        <detaileddescription>
        </detaileddescription>
        <inbodydescription>
        </inbodydescription>
        <location file="/home/billyzheng/f1tenth_gym/gym/f110_gym/envs/laser_models.py" line="341" column="1" bodyfile="/home/billyzheng/f1tenth_gym/gym/f110_gym/envs/laser_models.py" bodystart="341" bodyend="-1"/>
      </memberdef>
      <memberdef kind="variable" id="classf110__gym_1_1envs_1_1laser__models_1_1_scan_simulator2_d_1a53beebf974cdf3cb04dac5e4311b2f36" prot="public" static="no" mutable="no">
        <type></type>
        <definition>f110_gym.envs.laser_models.ScanSimulator2D::map_width</definition>
        <argsstring></argsstring>
        <name>map_width</name>
        <briefdescription>
        </briefdescription>
        <detaileddescription>
        </detaileddescription>
        <inbodydescription>
        </inbodydescription>
        <location file="/home/billyzheng/f1tenth_gym/gym/f110_gym/envs/laser_models.py" line="342" column="1" bodyfile="/home/billyzheng/f1tenth_gym/gym/f110_gym/envs/laser_models.py" bodystart="342" bodyend="-1"/>
      </memberdef>
      <memberdef kind="variable" id="classf110__gym_1_1envs_1_1laser__models_1_1_scan_simulator2_d_1a11d13f00e6d8a08d7b758f420ff464c5" prot="public" static="no" mutable="no">
        <type></type>
        <definition>f110_gym.envs.laser_models.ScanSimulator2D::map_resolution</definition>
        <argsstring></argsstring>
        <name>map_resolution</name>
        <briefdescription>
        </briefdescription>
        <detaileddescription>
        </detaileddescription>
        <inbodydescription>
        </inbodydescription>
        <location file="/home/billyzheng/f1tenth_gym/gym/f110_gym/envs/laser_models.py" line="343" column="1" bodyfile="/home/billyzheng/f1tenth_gym/gym/f110_gym/envs/laser_models.py" bodystart="343" bodyend="-1"/>
      </memberdef>
      <memberdef kind="variable" id="classf110__gym_1_1envs_1_1laser__models_1_1_scan_simulator2_d_1a617e6b987673100484c5fdb0c17c9848" prot="public" static="no" mutable="no">
        <type></type>
        <definition>f110_gym.envs.laser_models.ScanSimulator2D::dt</definition>
        <argsstring></argsstring>
        <name>dt</name>
        <briefdescription>
        </briefdescription>
        <detaileddescription>
        </detaileddescription>
        <inbodydescription>
        </inbodydescription>
        <location file="/home/billyzheng/f1tenth_gym/gym/f110_gym/envs/laser_models.py" line="344" column="1" bodyfile="/home/billyzheng/f1tenth_gym/gym/f110_gym/envs/laser_models.py" bodystart="344" bodyend="-1"/>
      </memberdef>
      <memberdef kind="variable" id="classf110__gym_1_1envs_1_1laser__models_1_1_scan_simulator2_d_1a6a2a4cc31c05bb623699e24df56d8989" prot="public" static="no" mutable="no">
        <type></type>
        <definition>f110_gym.envs.laser_models.ScanSimulator2D::rng</definition>
        <argsstring></argsstring>
        <name>rng</name>
        <briefdescription>
        </briefdescription>
        <detaileddescription>
        </detaileddescription>
        <inbodydescription>
        </inbodydescription>
        <location file="/home/billyzheng/f1tenth_gym/gym/f110_gym/envs/laser_models.py" line="347" column="1" bodyfile="/home/billyzheng/f1tenth_gym/gym/f110_gym/envs/laser_models.py" bodystart="347" bodyend="-1"/>
      </memberdef>
      <memberdef kind="variable" id="classf110__gym_1_1envs_1_1laser__models_1_1_scan_simulator2_d_1a76ce07e27a1f3efecae222b25bfd3c98" prot="public" static="no" mutable="no">
        <type></type>
        <definition>f110_gym.envs.laser_models.ScanSimulator2D::sines</definition>
        <argsstring></argsstring>
        <name>sines</name>
        <briefdescription>
        </briefdescription>
        <detaileddescription>
        </detaileddescription>
        <inbodydescription>
        </inbodydescription>
        <location file="/home/billyzheng/f1tenth_gym/gym/f110_gym/envs/laser_models.py" line="351" column="1" bodyfile="/home/billyzheng/f1tenth_gym/gym/f110_gym/envs/laser_models.py" bodystart="351" bodyend="-1"/>
      </memberdef>
      <memberdef kind="variable" id="classf110__gym_1_1envs_1_1laser__models_1_1_scan_simulator2_d_1aedc4121c126a5bcda9b5f321cb679208" prot="public" static="no" mutable="no">
        <type></type>
        <definition>f110_gym.envs.laser_models.ScanSimulator2D::cosines</definition>
        <argsstring></argsstring>
        <name>cosines</name>
        <briefdescription>
        </briefdescription>
        <detaileddescription>
        </detaileddescription>
        <inbodydescription>
        </inbodydescription>
        <location file="/home/billyzheng/f1tenth_gym/gym/f110_gym/envs/laser_models.py" line="352" column="1" bodyfile="/home/billyzheng/f1tenth_gym/gym/f110_gym/envs/laser_models.py" bodystart="352" bodyend="-1"/>
      </memberdef>
      <memberdef kind="variable" id="classf110__gym_1_1envs_1_1laser__models_1_1_scan_simulator2_d_1af63828a83efca93f50b04324fdd74820" prot="public" static="no" mutable="no">
        <type></type>
        <definition>f110_gym.envs.laser_models.ScanSimulator2D::map_img</definition>
        <argsstring></argsstring>
        <name>map_img</name>
        <briefdescription>
        </briefdescription>
        <detaileddescription>
        </detaileddescription>
        <inbodydescription>
        </inbodydescription>
        <location file="/home/billyzheng/f1tenth_gym/gym/f110_gym/envs/laser_models.py" line="370" column="1" bodyfile="/home/billyzheng/f1tenth_gym/gym/f110_gym/envs/laser_models.py" bodystart="370" bodyend="-1"/>
      </memberdef>
      <memberdef kind="variable" id="classf110__gym_1_1envs_1_1laser__models_1_1_scan_simulator2_d_1a301f79d5db56a5c5eeb44f33ac3d0b7d" prot="public" static="no" mutable="no">
        <type></type>
        <definition>f110_gym.envs.laser_models.ScanSimulator2D::origin</definition>
        <argsstring></argsstring>
        <name>origin</name>
        <briefdescription>
        </briefdescription>
        <detaileddescription>
        </detaileddescription>
        <inbodydescription>
        </inbodydescription>
        <location file="/home/billyzheng/f1tenth_gym/gym/f110_gym/envs/laser_models.py" line="385" column="1" bodyfile="/home/billyzheng/f1tenth_gym/gym/f110_gym/envs/laser_models.py" bodystart="385" bodyend="-1"/>
      </memberdef>
      </sectiondef>
      <sectiondef kind="public-func">
      <memberdef kind="function" id="classf110__gym_1_1envs_1_1laser__models_1_1_scan_simulator2_d_1a006ba0ddc5d9d6d2f2b74e945ef61f2c" prot="public" static="no" const="no" explicit="no" inline="no" virt="non-virtual">
        <type>def</type>
        <definition>def f110_gym.envs.laser_models.ScanSimulator2D.__init__</definition>
        <argsstring>(self, num_beams, fov, std_dev=0.01, eps=0.0001, theta_dis=2000, max_range=30.0, seed=123)</argsstring>
        <name>__init__</name>
        <param>
          <type>self</type>
          <defname>self</defname>
        </param>
        <param>
          <type>num_beams</type>
          <defname>num_beams</defname>
        </param>
        <param>
          <type>fov</type>
          <defname>fov</defname>
        </param>
        <param>
          <type>std_dev</type>
          <defname>std_dev</defname>
          <defval>0.01</defval>
        </param>
        <param>
          <type>eps</type>
          <defname>eps</defname>
          <defval>0.0001</defval>
        </param>
        <param>
          <type>theta_dis</type>
          <defname>theta_dis</defname>
          <defval>2000</defval>
        </param>
        <param>
          <type>max_range</type>
          <defname>max_range</defname>
          <defval>30.0</defval>
        </param>
        <param>
          <type>seed</type>
          <defname>seed</defname>
          <defval>123</defval>
        </param>
        <briefdescription>
        </briefdescription>
        <detaileddescription>
        </detaileddescription>
        <inbodydescription>
        </inbodydescription>
        <location file="/home/billyzheng/f1tenth_gym/gym/f110_gym/envs/laser_models.py" line="327" column="1" bodyfile="/home/billyzheng/f1tenth_gym/gym/f110_gym/envs/laser_models.py" bodystart="327" bodyend="353"/>
      </memberdef>
      <memberdef kind="function" id="classf110__gym_1_1envs_1_1laser__models_1_1_scan_simulator2_d_1a989dd691fd4c08d0f18d6c241862d03c" prot="public" static="no" const="no" explicit="no" inline="no" virt="non-virtual">
        <type>def</type>
        <definition>def f110_gym.envs.laser_models.ScanSimulator2D.set_map</definition>
        <argsstring>(self, map_path, map_ext)</argsstring>
        <name>set_map</name>
        <param>
          <type>self</type>
          <defname>self</defname>
        </param>
        <param>
          <type>map_path</type>
          <defname>map_path</defname>
        </param>
        <param>
          <type>map_ext</type>
          <defname>map_ext</defname>
        </param>
        <briefdescription>
        </briefdescription>
        <detaileddescription>
<para><verbatim>Set the bitmap of the scan simulator by path

    Args:
map_path (str): path to the map yaml file
map_ext (str): extension (image type) of the map image

    Returns:
flag (bool): if image reading and loading is successful
</verbatim> </para>
        </detaileddescription>
        <inbodydescription>
        </inbodydescription>
        <location file="/home/billyzheng/f1tenth_gym/gym/f110_gym/envs/laser_models.py" line="354" column="1" bodyfile="/home/billyzheng/f1tenth_gym/gym/f110_gym/envs/laser_models.py" bodystart="354" bodyend="399"/>
      </memberdef>
      <memberdef kind="function" id="classf110__gym_1_1envs_1_1laser__models_1_1_scan_simulator2_d_1a12c4b2f39bda5dd3a1ea14e70e4370cc" prot="public" static="no" const="no" explicit="no" inline="no" virt="non-virtual">
        <type>def</type>
        <definition>def f110_gym.envs.laser_models.ScanSimulator2D.scan</definition>
        <argsstring>(self, pose)</argsstring>
        <name>scan</name>
        <param>
          <type>self</type>
          <defname>self</defname>
        </param>
        <param>
          <type>pose</type>
          <defname>pose</defname>
        </param>
        <briefdescription>
        </briefdescription>
        <detaileddescription>
<para><verbatim>Perform simulated 2D scan by pose on the given map

    Args:
pose (numpy.ndarray (3, )): pose of the scan frame (x, y, theta)

    Returns:
scan (numpy.ndarray (n, )): data array of the laserscan, n=num_beams

    Raises:
ValueError: when scan is called before a map is set
</verbatim> </para>
        </detaileddescription>
        <inbodydescription>
        </inbodydescription>
        <location file="/home/billyzheng/f1tenth_gym/gym/f110_gym/envs/laser_models.py" line="400" column="1" bodyfile="/home/billyzheng/f1tenth_gym/gym/f110_gym/envs/laser_models.py" bodystart="400" bodyend="419"/>
      </memberdef>
      <memberdef kind="function" id="classf110__gym_1_1envs_1_1laser__models_1_1_scan_simulator2_d_1ab11345c77e843234e6a71f3f0293d4f5" prot="public" static="no" const="no" explicit="no" inline="no" virt="non-virtual">
        <type>def</type>
        <definition>def f110_gym.envs.laser_models.ScanSimulator2D.get_increment</definition>
        <argsstring>(self)</argsstring>
        <name>get_increment</name>
        <param>
          <type>self</type>
          <defname>self</defname>
        </param>
        <briefdescription>
        </briefdescription>
        <detaileddescription>
        </detaileddescription>
        <inbodydescription>
        </inbodydescription>
        <location file="/home/billyzheng/f1tenth_gym/gym/f110_gym/envs/laser_models.py" line="420" column="1" bodyfile="/home/billyzheng/f1tenth_gym/gym/f110_gym/envs/laser_models.py" bodystart="420" bodyend="433"/>
      </memberdef>
      </sectiondef>
    <briefdescription>
    </briefdescription>
    <detaileddescription>
<para><verbatim>2D LIDAR scan simulator class

Init params:
    num_beams (int): number of beams in the scan
    fov (float): field of view of the laser scan
    std_dev (float, default=0.01): standard deviation of the generated whitenoise in the scan
    eps (float, default=0.0001): ray tracing iteration termination condition
    theta_dis (int, default=2000): number of steps to discretize the angles between 0 and 2pi for look up
    max_range (float, default=30.0): maximum range of the laser
    seed (int, default=123): seed for random number generator for the whitenoise in scan
</verbatim> </para>
    </detaileddescription>
    <inheritancegraph>
      <node id="1">
        <label>f110_gym.envs.laser_models.ScanSimulator2D</label>
        <link refid="classf110__gym_1_1envs_1_1laser__models_1_1_scan_simulator2_d"/>
        <childnode refid="2" relation="public-inheritance">
        </childnode>
      </node>
      <node id="2">
        <label>object</label>
      </node>
    </inheritancegraph>
    <collaborationgraph>
      <node id="1">
        <label>f110_gym.envs.laser_models.ScanSimulator2D</label>
        <link refid="classf110__gym_1_1envs_1_1laser__models_1_1_scan_simulator2_d"/>
        <childnode refid="2" relation="public-inheritance">
        </childnode>
      </node>
      <node id="2">
        <label>object</label>
      </node>
    </collaborationgraph>
    <location file="/home/billyzheng/f1tenth_gym/gym/f110_gym/envs/laser_models.py" line="313" column="1" bodyfile="/home/billyzheng/f1tenth_gym/gym/f110_gym/envs/laser_models.py" bodystart="313" bodyend="434"/>
    <listofallmembers>
      <member refid="classf110__gym_1_1envs_1_1laser__models_1_1_scan_simulator2_d_1a006ba0ddc5d9d6d2f2b74e945ef61f2c" prot="public" virt="non-virtual"><scope>f110_gym::envs::laser_models::ScanSimulator2D</scope><name>__init__</name></member>
      <member refid="classf110__gym_1_1envs_1_1laser__models_1_1_scan_simulator2_d_1a68ab73d8b055703de7c4eb33ec54520a" prot="public" virt="non-virtual"><scope>f110_gym::envs::laser_models::ScanSimulator2D</scope><name>angle_increment</name></member>
      <member refid="classf110__gym_1_1envs_1_1laser__models_1_1_scan_simulator2_d_1aedc4121c126a5bcda9b5f321cb679208" prot="public" virt="non-virtual"><scope>f110_gym::envs::laser_models::ScanSimulator2D</scope><name>cosines</name></member>
      <member refid="classf110__gym_1_1envs_1_1laser__models_1_1_scan_simulator2_d_1a617e6b987673100484c5fdb0c17c9848" prot="public" virt="non-virtual"><scope>f110_gym::envs::laser_models::ScanSimulator2D</scope><name>dt</name></member>
      <member refid="classf110__gym_1_1envs_1_1laser__models_1_1_scan_simulator2_d_1a02bf0c833e93628643a20cceeb33b029" prot="public" virt="non-virtual"><scope>f110_gym::envs::laser_models::ScanSimulator2D</scope><name>eps</name></member>
      <member refid="classf110__gym_1_1envs_1_1laser__models_1_1_scan_simulator2_d_1ae57ad1092f12be1967de4853eca1327d" prot="public" virt="non-virtual"><scope>f110_gym::envs::laser_models::ScanSimulator2D</scope><name>fov</name></member>
      <member refid="classf110__gym_1_1envs_1_1laser__models_1_1_scan_simulator2_d_1ab11345c77e843234e6a71f3f0293d4f5" prot="public" virt="non-virtual"><scope>f110_gym::envs::laser_models::ScanSimulator2D</scope><name>get_increment</name></member>
      <member refid="classf110__gym_1_1envs_1_1laser__models_1_1_scan_simulator2_d_1ae2c136fdda428bed3de1f7ab30cda72c" prot="public" virt="non-virtual"><scope>f110_gym::envs::laser_models::ScanSimulator2D</scope><name>map_height</name></member>
      <member refid="classf110__gym_1_1envs_1_1laser__models_1_1_scan_simulator2_d_1af63828a83efca93f50b04324fdd74820" prot="public" virt="non-virtual"><scope>f110_gym::envs::laser_models::ScanSimulator2D</scope><name>map_img</name></member>
      <member refid="classf110__gym_1_1envs_1_1laser__models_1_1_scan_simulator2_d_1a11d13f00e6d8a08d7b758f420ff464c5" prot="public" virt="non-virtual"><scope>f110_gym::envs::laser_models::ScanSimulator2D</scope><name>map_resolution</name></member>
      <member refid="classf110__gym_1_1envs_1_1laser__models_1_1_scan_simulator2_d_1a53beebf974cdf3cb04dac5e4311b2f36" prot="public" virt="non-virtual"><scope>f110_gym::envs::laser_models::ScanSimulator2D</scope><name>map_width</name></member>
      <member refid="classf110__gym_1_1envs_1_1laser__models_1_1_scan_simulator2_d_1af08e1ef6b6397c51fdd3e612dceb17b5" prot="public" virt="non-virtual"><scope>f110_gym::envs::laser_models::ScanSimulator2D</scope><name>max_range</name></member>
      <member refid="classf110__gym_1_1envs_1_1laser__models_1_1_scan_simulator2_d_1a8fd8d9f11c319090584c221e51aa4975" prot="public" virt="non-virtual"><scope>f110_gym::envs::laser_models::ScanSimulator2D</scope><name>num_beams</name></member>
      <member refid="classf110__gym_1_1envs_1_1laser__models_1_1_scan_simulator2_d_1a12a635318c521153364d75b103905673" prot="public" virt="non-virtual"><scope>f110_gym::envs::laser_models::ScanSimulator2D</scope><name>orig_c</name></member>
      <member refid="classf110__gym_1_1envs_1_1laser__models_1_1_scan_simulator2_d_1aedb545195be8c54364e38ccf0c0b3d00" prot="public" virt="non-virtual"><scope>f110_gym::envs::laser_models::ScanSimulator2D</scope><name>orig_s</name></member>
      <member refid="classf110__gym_1_1envs_1_1laser__models_1_1_scan_simulator2_d_1aecd0f30707bb8c82f59ae48ae2a478c2" prot="public" virt="non-virtual"><scope>f110_gym::envs::laser_models::ScanSimulator2D</scope><name>orig_x</name></member>
      <member refid="classf110__gym_1_1envs_1_1laser__models_1_1_scan_simulator2_d_1a03e555b505b745f98dfd8a5cc4e1d013" prot="public" virt="non-virtual"><scope>f110_gym::envs::laser_models::ScanSimulator2D</scope><name>orig_y</name></member>
      <member refid="classf110__gym_1_1envs_1_1laser__models_1_1_scan_simulator2_d_1a301f79d5db56a5c5eeb44f33ac3d0b7d" prot="public" virt="non-virtual"><scope>f110_gym::envs::laser_models::ScanSimulator2D</scope><name>origin</name></member>
      <member refid="classf110__gym_1_1envs_1_1laser__models_1_1_scan_simulator2_d_1a6a2a4cc31c05bb623699e24df56d8989" prot="public" virt="non-virtual"><scope>f110_gym::envs::laser_models::ScanSimulator2D</scope><name>rng</name></member>
      <member refid="classf110__gym_1_1envs_1_1laser__models_1_1_scan_simulator2_d_1a12c4b2f39bda5dd3a1ea14e70e4370cc" prot="public" virt="non-virtual"><scope>f110_gym::envs::laser_models::ScanSimulator2D</scope><name>scan</name></member>
      <member refid="classf110__gym_1_1envs_1_1laser__models_1_1_scan_simulator2_d_1a989dd691fd4c08d0f18d6c241862d03c" prot="public" virt="non-virtual"><scope>f110_gym::envs::laser_models::ScanSimulator2D</scope><name>set_map</name></member>
      <member refid="classf110__gym_1_1envs_1_1laser__models_1_1_scan_simulator2_d_1a76ce07e27a1f3efecae222b25bfd3c98" prot="public" virt="non-virtual"><scope>f110_gym::envs::laser_models::ScanSimulator2D</scope><name>sines</name></member>
      <member refid="classf110__gym_1_1envs_1_1laser__models_1_1_scan_simulator2_d_1a2aa400b42babfa82f677356aaa16a0f4" prot="public" virt="non-virtual"><scope>f110_gym::envs::laser_models::ScanSimulator2D</scope><name>std_dev</name></member>
      <member refid="classf110__gym_1_1envs_1_1laser__models_1_1_scan_simulator2_d_1af21e0a0ddd2fc95ec4291db6b33cd591" prot="public" virt="non-virtual"><scope>f110_gym::envs::laser_models::ScanSimulator2D</scope><name>theta_dis</name></member>
      <member refid="classf110__gym_1_1envs_1_1laser__models_1_1_scan_simulator2_d_1aabde525512f31433f532639175f50ba3" prot="public" virt="non-virtual"><scope>f110_gym::envs::laser_models::ScanSimulator2D</scope><name>theta_index_increment</name></member>
    </listofallmembers>
  </compounddef>
</doxygen>
