<?xml version='1.0' encoding='UTF-8' standalone='no'?>
<doxygen xmlns:xsi="http://www.w3.org/2001/XMLSchema-instance" xsi:noNamespaceSchemaLocation="compound.xsd" version="1.8.17">
  <compounddef id="dir_cc06cd2fc16f827f09405fcedd02c7bb" kind="dir">
    <compoundname>/home/billyzheng/f1tenth_gym/gym</compoundname>
    <innerdir refid="dir_0d9aa0052a6017cb7aea189bf393af42">/home/billyzheng/f1tenth_gym/gym/f110_gym</innerdir>
    <briefdescription>
    </briefdescription>
    <detaileddescription>
    </detaileddescription>
    <location file="/home/billyzheng/f1tenth_gym/gym/"/>
  </compounddef>
</doxygen>
