<?xml version='1.0' encoding='UTF-8' standalone='no'?>
<doxygen xmlns:xsi="http://www.w3.org/2001/XMLSchema-instance" xsi:noNamespaceSchemaLocation="compound.xsd" version="1.8.17">
  <compounddef id="dir_70fc25f479e8e19f7e6bd12b95eca2dc" kind="dir">
    <compoundname>/home/billyzheng/f1tenth_gym/gym/f110_gym/unittest</compoundname>
    <innerfile refid="unittest_2____init_____8py">__init__.py</innerfile>
    <innerfile refid="collision__checks_8py">collision_checks.py</innerfile>
    <innerfile refid="dynamics__test_8py">dynamics_test.py</innerfile>
    <innerfile refid="legacy__scan__gen_8py">legacy_scan_gen.py</innerfile>
    <innerfile refid="pyglet__test_8py">pyglet_test.py</innerfile>
    <innerfile refid="pyglet__test__camera_8py">pyglet_test_camera.py</innerfile>
    <innerfile refid="random__trackgen_8py">random_trackgen.py</innerfile>
    <innerfile refid="scan__sim_8py">scan_sim.py</innerfile>
    <briefdescription>
    </briefdescription>
    <detaileddescription>
    </detaileddescription>
    <location file="/home/billyzheng/f1tenth_gym/gym/f110_gym/unittest/"/>
  </compounddef>
</doxygen>
