<?xml version='1.0' encoding='UTF-8' standalone='no'?>
<doxygen xmlns:xsi="http://www.w3.org/2001/XMLSchema-instance" xsi:noNamespaceSchemaLocation="compound.xsd" version="1.9.1" xml:lang="en-US">
  <compounddef id="f110__gym_2____init_____8py" kind="file" language="Python">
    <compoundname>__init__.py</compoundname>
    <innernamespace refid="namespacef110__gym">f110_gym</innernamespace>
    <briefdescription>
    </briefdescription>
    <detaileddescription>
    </detaileddescription>
    <programlisting>
<codeline lineno="1"><highlight class="keyword">from</highlight><highlight class="normal"><sp/>gym.envs.registration<sp/></highlight><highlight class="keyword">import</highlight><highlight class="normal"><sp/>register</highlight></codeline>
<codeline lineno="2"><highlight class="normal">register(</highlight></codeline>
<codeline lineno="3"><highlight class="normal"><sp/><sp/><sp/><sp/>id=</highlight><highlight class="stringliteral">&apos;f110-v0&apos;</highlight><highlight class="normal">,</highlight></codeline>
<codeline lineno="4"><highlight class="normal"><sp/><sp/><sp/><sp/>entry_point=</highlight><highlight class="stringliteral">&apos;f110_gym.envs:F110Env&apos;</highlight><highlight class="normal">,</highlight></codeline>
<codeline lineno="5"><highlight class="normal"><sp/><sp/><sp/><sp/>)</highlight></codeline>
    </programlisting>
    <location file="/home/f1tenth-eval/f1tenth_gym/gym/f110_gym/__init__.py"/>
  </compounddef>
</doxygen>
