<?xml version='1.0' encoding='UTF-8' standalone='no'?>
<doxygen xmlns:xsi="http://www.w3.org/2001/XMLSchema-instance" xsi:noNamespaceSchemaLocation="compound.xsd" version="1.8.17">
  <compounddef id="f110__env_8py" kind="file" language="Python">
    <compoundname>f110_env.py</compoundname>
    <innerclass refid="classf110__gym_1_1envs_1_1f110__env_1_1_f110_env" prot="public">f110_gym::envs::f110_env::F110Env</innerclass>
    <innernamespace refid="namespacef110__gym_1_1envs_1_1f110__env">f110_gym::envs::f110_env</innernamespace>
    <briefdescription>
    </briefdescription>
    <detaileddescription>
    </detaileddescription>
    <programlisting>
<codeline lineno="1"><highlight class="comment">#<sp/>MIT<sp/>License</highlight><highlight class="normal"></highlight></codeline>
<codeline lineno="2"><highlight class="normal"></highlight></codeline>
<codeline lineno="3"><highlight class="normal"></highlight><highlight class="comment">#<sp/>Copyright<sp/>(c)<sp/>2020<sp/>Joseph<sp/>Auckley,<sp/>Matthew<sp/>O&apos;Kelly,<sp/>Aman<sp/>Sinha,<sp/>Hongrui<sp/>Zheng</highlight><highlight class="normal"></highlight></codeline>
<codeline lineno="4"><highlight class="normal"></highlight></codeline>
<codeline lineno="5"><highlight class="normal"></highlight><highlight class="comment">#<sp/>Permission<sp/>is<sp/>hereby<sp/>granted,<sp/>free<sp/>of<sp/>charge,<sp/>to<sp/>any<sp/>person<sp/>obtaining<sp/>a<sp/>copy</highlight><highlight class="normal"></highlight></codeline>
<codeline lineno="6"><highlight class="normal"></highlight><highlight class="comment">#<sp/>of<sp/>this<sp/>software<sp/>and<sp/>associated<sp/>documentation<sp/>files<sp/>(the<sp/>&quot;Software&quot;),<sp/>to<sp/>deal</highlight><highlight class="normal"></highlight></codeline>
<codeline lineno="7"><highlight class="normal"></highlight><highlight class="comment">#<sp/>in<sp/>the<sp/>Software<sp/>without<sp/>restriction,<sp/>including<sp/>without<sp/>limitation<sp/>the<sp/>rights</highlight><highlight class="normal"></highlight></codeline>
<codeline lineno="8"><highlight class="normal"></highlight><highlight class="comment">#<sp/>to<sp/>use,<sp/>copy,<sp/>modify,<sp/>merge,<sp/>publish,<sp/>distribute,<sp/>sublicense,<sp/>and/or<sp/>sell</highlight><highlight class="normal"></highlight></codeline>
<codeline lineno="9"><highlight class="normal"></highlight><highlight class="comment">#<sp/>copies<sp/>of<sp/>the<sp/>Software,<sp/>and<sp/>to<sp/>permit<sp/>persons<sp/>to<sp/>whom<sp/>the<sp/>Software<sp/>is</highlight><highlight class="normal"></highlight></codeline>
<codeline lineno="10"><highlight class="normal"></highlight><highlight class="comment">#<sp/>furnished<sp/>to<sp/>do<sp/>so,<sp/>subject<sp/>to<sp/>the<sp/>following<sp/>conditions:</highlight><highlight class="normal"></highlight></codeline>
<codeline lineno="11"><highlight class="normal"></highlight></codeline>
<codeline lineno="12"><highlight class="normal"></highlight><highlight class="comment">#<sp/>The<sp/>above<sp/>copyright<sp/>notice<sp/>and<sp/>this<sp/>permission<sp/>notice<sp/>shall<sp/>be<sp/>included<sp/>in<sp/>all</highlight><highlight class="normal"></highlight></codeline>
<codeline lineno="13"><highlight class="normal"></highlight><highlight class="comment">#<sp/>copies<sp/>or<sp/>substantial<sp/>portions<sp/>of<sp/>the<sp/>Software.</highlight><highlight class="normal"></highlight></codeline>
<codeline lineno="14"><highlight class="normal"></highlight></codeline>
<codeline lineno="15"><highlight class="normal"></highlight><highlight class="comment">#<sp/>THE<sp/>SOFTWARE<sp/>IS<sp/>PROVIDED<sp/>&quot;AS<sp/>IS&quot;,<sp/>WITHOUT<sp/>WARRANTY<sp/>OF<sp/>ANY<sp/>KIND,<sp/>EXPRESS<sp/>OR</highlight><highlight class="normal"></highlight></codeline>
<codeline lineno="16"><highlight class="normal"></highlight><highlight class="comment">#<sp/>IMPLIED,<sp/>INCLUDING<sp/>BUT<sp/>NOT<sp/>LIMITED<sp/>TO<sp/>THE<sp/>WARRANTIES<sp/>OF<sp/>MERCHANTABILITY,</highlight><highlight class="normal"></highlight></codeline>
<codeline lineno="17"><highlight class="normal"></highlight><highlight class="comment">#<sp/>FITNESS<sp/>FOR<sp/>A<sp/>PARTICULAR<sp/>PURPOSE<sp/>AND<sp/>NONINFRINGEMENT.<sp/>IN<sp/>NO<sp/>EVENT<sp/>SHALL<sp/>THE</highlight><highlight class="normal"></highlight></codeline>
<codeline lineno="18"><highlight class="normal"></highlight><highlight class="comment">#<sp/>AUTHORS<sp/>OR<sp/>COPYRIGHT<sp/>HOLDERS<sp/>BE<sp/>LIABLE<sp/>FOR<sp/>ANY<sp/>CLAIM,<sp/>DAMAGES<sp/>OR<sp/>OTHER</highlight><highlight class="normal"></highlight></codeline>
<codeline lineno="19"><highlight class="normal"></highlight><highlight class="comment">#<sp/>LIABILITY,<sp/>WHETHER<sp/>IN<sp/>AN<sp/>ACTION<sp/>OF<sp/>CONTRACT,<sp/>TORT<sp/>OR<sp/>OTHERWISE,<sp/>ARISING<sp/>FROM,</highlight><highlight class="normal"></highlight></codeline>
<codeline lineno="20"><highlight class="normal"></highlight><highlight class="comment">#<sp/>OUT<sp/>OF<sp/>OR<sp/>IN<sp/>CONNECTION<sp/>WITH<sp/>THE<sp/>SOFTWARE<sp/>OR<sp/>THE<sp/>USE<sp/>OR<sp/>OTHER<sp/>DEALINGS<sp/>IN<sp/>THE</highlight><highlight class="normal"></highlight></codeline>
<codeline lineno="21"><highlight class="normal"></highlight><highlight class="comment">#<sp/>SOFTWARE.</highlight><highlight class="normal"></highlight></codeline>
<codeline lineno="22"><highlight class="normal"></highlight></codeline>
<codeline lineno="23"><highlight class="normal"></highlight><highlight class="stringliteral">&apos;&apos;&apos;</highlight></codeline>
<codeline lineno="24"><highlight class="stringliteral">Author:<sp/>Hongrui<sp/>Zheng</highlight></codeline>
<codeline lineno="25"><highlight class="stringliteral">&apos;&apos;&apos;</highlight><highlight class="normal"></highlight></codeline>
<codeline lineno="26"><highlight class="normal"></highlight></codeline>
<codeline lineno="27"><highlight class="normal"></highlight><highlight class="comment">#<sp/>gym<sp/>imports</highlight><highlight class="normal"></highlight></codeline>
<codeline lineno="28"><highlight class="normal"></highlight><highlight class="keyword">import</highlight><highlight class="normal"><sp/>gym</highlight></codeline>
<codeline lineno="29"><highlight class="normal"></highlight><highlight class="keyword">from</highlight><highlight class="normal"><sp/>gym<sp/></highlight><highlight class="keyword">import</highlight><highlight class="normal"><sp/>error,<sp/>spaces,<sp/>utils</highlight></codeline>
<codeline lineno="30"><highlight class="normal"></highlight><highlight class="keyword">from</highlight><highlight class="normal"><sp/>gym.utils<sp/></highlight><highlight class="keyword">import</highlight><highlight class="normal"><sp/>seeding</highlight></codeline>
<codeline lineno="31"><highlight class="normal"></highlight></codeline>
<codeline lineno="32"><highlight class="normal"></highlight><highlight class="comment">#<sp/>base<sp/>classes</highlight><highlight class="normal"></highlight></codeline>
<codeline lineno="33"><highlight class="normal"></highlight><highlight class="keyword">from</highlight><highlight class="normal"><sp/><ref refid="namespacef110__gym_1_1envs_1_1base__classes" kindref="compound">f110_gym.envs.base_classes</ref><sp/></highlight><highlight class="keyword">import</highlight><highlight class="normal"><sp/>Simulator</highlight></codeline>
<codeline lineno="34"><highlight class="normal"></highlight></codeline>
<codeline lineno="35"><highlight class="normal"></highlight><highlight class="comment">#<sp/>others</highlight><highlight class="normal"></highlight></codeline>
<codeline lineno="36"><highlight class="normal"></highlight><highlight class="keyword">import</highlight><highlight class="normal"><sp/>numpy<sp/></highlight><highlight class="keyword">as</highlight><highlight class="normal"><sp/>np</highlight></codeline>
<codeline lineno="37"><highlight class="normal"></highlight><highlight class="keyword">import</highlight><highlight class="normal"><sp/>os</highlight></codeline>
<codeline lineno="38"><highlight class="normal"></highlight><highlight class="keyword">import</highlight><highlight class="normal"><sp/>time</highlight></codeline>
<codeline lineno="39"><highlight class="normal"></highlight></codeline>
<codeline lineno="40"><highlight class="normal"></highlight><highlight class="comment">#<sp/>gl</highlight><highlight class="normal"></highlight></codeline>
<codeline lineno="41"><highlight class="normal"></highlight><highlight class="keyword">import</highlight><highlight class="normal"><sp/>pyglet</highlight></codeline>
<codeline lineno="42"><highlight class="normal">pyglet.options[</highlight><highlight class="stringliteral">&apos;debug_gl&apos;</highlight><highlight class="normal">]<sp/>=<sp/></highlight><highlight class="keyword">False</highlight><highlight class="normal"></highlight></codeline>
<codeline lineno="43"><highlight class="normal"></highlight><highlight class="keyword">from</highlight><highlight class="normal"><sp/>pyglet<sp/></highlight><highlight class="keyword">import</highlight><highlight class="normal"><sp/>gl</highlight></codeline>
<codeline lineno="44"><highlight class="normal"></highlight></codeline>
<codeline lineno="45"><highlight class="normal"></highlight><highlight class="comment">#<sp/>constants</highlight><highlight class="normal"></highlight></codeline>
<codeline lineno="46"><highlight class="normal"></highlight></codeline>
<codeline lineno="47"><highlight class="normal"></highlight><highlight class="comment">#<sp/>rendering</highlight><highlight class="normal"></highlight></codeline>
<codeline lineno="48"><highlight class="normal">VIDEO_W<sp/>=<sp/>600</highlight></codeline>
<codeline lineno="49"><highlight class="normal">VIDEO_H<sp/>=<sp/>400</highlight></codeline>
<codeline lineno="50"><highlight class="normal">WINDOW_W<sp/>=<sp/>1000</highlight></codeline>
<codeline lineno="51"><highlight class="normal">WINDOW_H<sp/>=<sp/>800</highlight></codeline>
<codeline lineno="52"><highlight class="normal"></highlight></codeline>
<codeline lineno="53" refid="classf110__gym_1_1envs_1_1f110__env_1_1_f110_env" refkind="compound"><highlight class="normal"></highlight><highlight class="keyword">class<sp/></highlight><highlight class="normal"><ref refid="classf110__gym_1_1envs_1_1f110__env_1_1_f110_env" kindref="compound">F110Env</ref>(gym.Env,<sp/>utils.EzPickle):</highlight></codeline>
<codeline lineno="54"><highlight class="normal"><sp/><sp/><sp/><sp/></highlight><highlight class="stringliteral">&quot;&quot;&quot;</highlight></codeline>
<codeline lineno="55"><highlight class="stringliteral"><sp/><sp/><sp/><sp/>OpenAI<sp/>gym<sp/>environment<sp/>for<sp/>F1TENTH</highlight></codeline>
<codeline lineno="56"><highlight class="stringliteral"><sp/><sp/><sp/><sp/></highlight></codeline>
<codeline lineno="57"><highlight class="stringliteral"><sp/><sp/><sp/><sp/>Env<sp/>should<sp/>be<sp/>initialized<sp/>by<sp/>calling<sp/>gym.make(&apos;f110_gym:f110-v0&apos;,<sp/>**kwargs)</highlight></codeline>
<codeline lineno="58"><highlight class="stringliteral"></highlight></codeline>
<codeline lineno="59"><highlight class="stringliteral"><sp/><sp/><sp/><sp/>Args:</highlight></codeline>
<codeline lineno="60"><highlight class="stringliteral"><sp/><sp/><sp/><sp/><sp/><sp/><sp/><sp/>kwargs:</highlight></codeline>
<codeline lineno="61"><highlight class="stringliteral"><sp/><sp/><sp/><sp/><sp/><sp/><sp/><sp/><sp/><sp/><sp/><sp/>seed<sp/>(int):<sp/>seed<sp/>for<sp/>random<sp/>state<sp/>and<sp/>reproducibility</highlight></codeline>
<codeline lineno="62"><highlight class="stringliteral"><sp/><sp/><sp/><sp/><sp/><sp/><sp/><sp/><sp/><sp/><sp/><sp/></highlight></codeline>
<codeline lineno="63"><highlight class="stringliteral"><sp/><sp/><sp/><sp/><sp/><sp/><sp/><sp/><sp/><sp/><sp/><sp/>map<sp/>(str,<sp/>default=&apos;vegas&apos;):<sp/>name<sp/>of<sp/>the<sp/>map<sp/>used<sp/>for<sp/>the<sp/>environment.<sp/>Currently,<sp/>available<sp/>environments<sp/>include:<sp/>&apos;berlin&apos;,<sp/>&apos;vegas&apos;,<sp/>&apos;skirk&apos;.<sp/>You<sp/>could<sp/>use<sp/>a<sp/>string<sp/>of<sp/>the<sp/>absolute<sp/>path<sp/>to<sp/>the<sp/>yaml<sp/>file<sp/>of<sp/>your<sp/>custom<sp/>map.</highlight></codeline>
<codeline lineno="64"><highlight class="stringliteral"><sp/><sp/><sp/><sp/><sp/><sp/><sp/><sp/></highlight></codeline>
<codeline lineno="65"><highlight class="stringliteral"><sp/><sp/><sp/><sp/><sp/><sp/><sp/><sp/><sp/><sp/><sp/><sp/>map_ext<sp/>(str,<sp/>default=&apos;png&apos;):<sp/>image<sp/>extension<sp/>of<sp/>the<sp/>map<sp/>image<sp/>file.<sp/>For<sp/>example<sp/>&apos;png&apos;,<sp/>&apos;pgm&apos;</highlight></codeline>
<codeline lineno="66"><highlight class="stringliteral"><sp/><sp/><sp/><sp/><sp/><sp/><sp/><sp/></highlight></codeline>
<codeline lineno="67"><highlight class="stringliteral"><sp/><sp/><sp/><sp/><sp/><sp/><sp/><sp/><sp/><sp/><sp/><sp/>params<sp/>(dict,<sp/>default={&apos;mu&apos;:<sp/>1.0489,<sp/>&apos;C_Sf&apos;:,<sp/>&apos;C_Sr&apos;:,<sp/>&apos;lf&apos;:<sp/>0.15875,<sp/>&apos;lr&apos;:<sp/>0.17145,<sp/>&apos;h&apos;:<sp/>0.074,<sp/>&apos;m&apos;:<sp/>3.74,<sp/>&apos;I&apos;:<sp/>0.04712,<sp/>&apos;s_min&apos;:<sp/>-0.4189,<sp/>&apos;s_max&apos;:<sp/>0.4189,<sp/>&apos;sv_min&apos;:<sp/>-3.2,<sp/>&apos;sv_max&apos;:<sp/>3.2,<sp/>&apos;v_switch&apos;:7.319,<sp/>&apos;a_max&apos;:<sp/>9.51,<sp/>&apos;v_min&apos;:-5.0,<sp/>&apos;v_max&apos;:<sp/>20.0,<sp/>&apos;width&apos;:<sp/>0.31,<sp/>&apos;length&apos;:<sp/>0.58}):<sp/>dictionary<sp/>of<sp/>vehicle<sp/>parameters.</highlight></codeline>
<codeline lineno="68"><highlight class="stringliteral"><sp/><sp/><sp/><sp/><sp/><sp/><sp/><sp/><sp/><sp/><sp/><sp/>mu:<sp/>surface<sp/>friction<sp/>coefficient</highlight></codeline>
<codeline lineno="69"><highlight class="stringliteral"><sp/><sp/><sp/><sp/><sp/><sp/><sp/><sp/><sp/><sp/><sp/><sp/>C_Sf:<sp/>Cornering<sp/>stiffness<sp/>coefficient,<sp/>front</highlight></codeline>
<codeline lineno="70"><highlight class="stringliteral"><sp/><sp/><sp/><sp/><sp/><sp/><sp/><sp/><sp/><sp/><sp/><sp/>C_Sr:<sp/>Cornering<sp/>stiffness<sp/>coefficient,<sp/>rear</highlight></codeline>
<codeline lineno="71"><highlight class="stringliteral"><sp/><sp/><sp/><sp/><sp/><sp/><sp/><sp/><sp/><sp/><sp/><sp/>lf:<sp/>Distance<sp/>from<sp/>center<sp/>of<sp/>gravity<sp/>to<sp/>front<sp/>axle</highlight></codeline>
<codeline lineno="72"><highlight class="stringliteral"><sp/><sp/><sp/><sp/><sp/><sp/><sp/><sp/><sp/><sp/><sp/><sp/>lr:<sp/>Distance<sp/>from<sp/>center<sp/>of<sp/>gravity<sp/>to<sp/>rear<sp/>axle</highlight></codeline>
<codeline lineno="73"><highlight class="stringliteral"><sp/><sp/><sp/><sp/><sp/><sp/><sp/><sp/><sp/><sp/><sp/><sp/>h:<sp/>Height<sp/>of<sp/>center<sp/>of<sp/>gravity</highlight></codeline>
<codeline lineno="74"><highlight class="stringliteral"><sp/><sp/><sp/><sp/><sp/><sp/><sp/><sp/><sp/><sp/><sp/><sp/>m:<sp/>Total<sp/>mass<sp/>of<sp/>the<sp/>vehicle</highlight></codeline>
<codeline lineno="75"><highlight class="stringliteral"><sp/><sp/><sp/><sp/><sp/><sp/><sp/><sp/><sp/><sp/><sp/><sp/>I:<sp/>Moment<sp/>of<sp/>inertial<sp/>of<sp/>the<sp/>entire<sp/>vehicle<sp/>about<sp/>the<sp/>z<sp/>axis</highlight></codeline>
<codeline lineno="76"><highlight class="stringliteral"><sp/><sp/><sp/><sp/><sp/><sp/><sp/><sp/><sp/><sp/><sp/><sp/>s_min:<sp/>Minimum<sp/>steering<sp/>angle<sp/>constraint</highlight></codeline>
<codeline lineno="77"><highlight class="stringliteral"><sp/><sp/><sp/><sp/><sp/><sp/><sp/><sp/><sp/><sp/><sp/><sp/>s_max:<sp/>Maximum<sp/>steering<sp/>angle<sp/>constraint</highlight></codeline>
<codeline lineno="78"><highlight class="stringliteral"><sp/><sp/><sp/><sp/><sp/><sp/><sp/><sp/><sp/><sp/><sp/><sp/>sv_min:<sp/>Minimum<sp/>steering<sp/>velocity<sp/>constraint</highlight></codeline>
<codeline lineno="79"><highlight class="stringliteral"><sp/><sp/><sp/><sp/><sp/><sp/><sp/><sp/><sp/><sp/><sp/><sp/>sv_max:<sp/>Maximum<sp/>steering<sp/>velocity<sp/>constraint</highlight></codeline>
<codeline lineno="80"><highlight class="stringliteral"><sp/><sp/><sp/><sp/><sp/><sp/><sp/><sp/><sp/><sp/><sp/><sp/>v_switch:<sp/>Switching<sp/>velocity<sp/>(velocity<sp/>at<sp/>which<sp/>the<sp/>acceleration<sp/>is<sp/>no<sp/>longer<sp/>able<sp/>to<sp/>create<sp/>wheel<sp/>spin)</highlight></codeline>
<codeline lineno="81"><highlight class="stringliteral"><sp/><sp/><sp/><sp/><sp/><sp/><sp/><sp/><sp/><sp/><sp/><sp/>a_max:<sp/>Maximum<sp/>longitudinal<sp/>acceleration</highlight></codeline>
<codeline lineno="82"><highlight class="stringliteral"><sp/><sp/><sp/><sp/><sp/><sp/><sp/><sp/><sp/><sp/><sp/><sp/>v_min:<sp/>Minimum<sp/>longitudinal<sp/>velocity</highlight></codeline>
<codeline lineno="83"><highlight class="stringliteral"><sp/><sp/><sp/><sp/><sp/><sp/><sp/><sp/><sp/><sp/><sp/><sp/>v_max:<sp/>Maximum<sp/>longitudinal<sp/>velocity</highlight></codeline>
<codeline lineno="84"><highlight class="stringliteral"><sp/><sp/><sp/><sp/><sp/><sp/><sp/><sp/><sp/><sp/><sp/><sp/>width:<sp/>width<sp/>of<sp/>the<sp/>vehicle<sp/>in<sp/>meters</highlight></codeline>
<codeline lineno="85"><highlight class="stringliteral"><sp/><sp/><sp/><sp/><sp/><sp/><sp/><sp/><sp/><sp/><sp/><sp/>length:<sp/>length<sp/>of<sp/>the<sp/>vehicle<sp/>in<sp/>meters</highlight></codeline>
<codeline lineno="86"><highlight class="stringliteral"></highlight></codeline>
<codeline lineno="87"><highlight class="stringliteral"><sp/><sp/><sp/><sp/><sp/><sp/><sp/><sp/><sp/><sp/><sp/><sp/>num_agents<sp/>(int,<sp/>default=2):<sp/>number<sp/>of<sp/>agents<sp/>in<sp/>the<sp/>environment</highlight></codeline>
<codeline lineno="88"><highlight class="stringliteral"></highlight></codeline>
<codeline lineno="89"><highlight class="stringliteral"><sp/><sp/><sp/><sp/><sp/><sp/><sp/><sp/><sp/><sp/><sp/><sp/>timestep<sp/>(float,<sp/>default=0.01):<sp/>physics<sp/>timestep</highlight></codeline>
<codeline lineno="90"><highlight class="stringliteral"></highlight></codeline>
<codeline lineno="91"><highlight class="stringliteral"><sp/><sp/><sp/><sp/><sp/><sp/><sp/><sp/><sp/><sp/><sp/><sp/>ego_idx<sp/>(int,<sp/>default=0):<sp/>ego&apos;s<sp/>index<sp/>in<sp/>list<sp/>of<sp/>agents</highlight></codeline>
<codeline lineno="92"><highlight class="stringliteral"><sp/><sp/><sp/><sp/>&quot;&quot;&quot;</highlight><highlight class="normal"></highlight></codeline>
<codeline lineno="93"><highlight class="normal"><sp/><sp/><sp/><sp/>metadata<sp/>=<sp/>{</highlight><highlight class="stringliteral">&apos;render.modes&apos;</highlight><highlight class="normal">:<sp/>[</highlight><highlight class="stringliteral">&apos;human&apos;</highlight><highlight class="normal">,<sp/></highlight><highlight class="stringliteral">&apos;human_fast&apos;</highlight><highlight class="normal">]}</highlight></codeline>
<codeline lineno="94"><highlight class="normal"></highlight></codeline>
<codeline lineno="95"><highlight class="normal"><sp/><sp/><sp/><sp/></highlight><highlight class="keyword">def<sp/></highlight><highlight class="normal">__init__(self,<sp/>**kwargs):<sp/><sp/><sp/><sp/><sp/><sp/><sp/><sp/></highlight></codeline>
<codeline lineno="96"><highlight class="normal"><sp/><sp/><sp/><sp/><sp/><sp/><sp/><sp/></highlight><highlight class="comment">#<sp/>kwargs<sp/>extraction</highlight><highlight class="normal"></highlight></codeline>
<codeline lineno="97"><highlight class="normal"><sp/><sp/><sp/><sp/><sp/><sp/><sp/><sp/></highlight><highlight class="keywordflow">try</highlight><highlight class="normal">:</highlight></codeline>
<codeline lineno="98"><highlight class="normal"><sp/><sp/><sp/><sp/><sp/><sp/><sp/><sp/><sp/><sp/><sp/><sp/>np.random.seed(kwargs[</highlight><highlight class="stringliteral">&apos;seed&apos;</highlight><highlight class="normal">])</highlight></codeline>
<codeline lineno="99"><highlight class="normal"><sp/><sp/><sp/><sp/><sp/><sp/><sp/><sp/></highlight><highlight class="keywordflow">except</highlight><highlight class="normal">:</highlight></codeline>
<codeline lineno="100"><highlight class="normal"><sp/><sp/><sp/><sp/><sp/><sp/><sp/><sp/><sp/><sp/><sp/><sp/></highlight><highlight class="keywordflow">pass</highlight><highlight class="normal"></highlight></codeline>
<codeline lineno="101"><highlight class="normal"><sp/><sp/><sp/><sp/><sp/><sp/><sp/><sp/></highlight><highlight class="keywordflow">try</highlight><highlight class="normal">:</highlight></codeline>
<codeline lineno="102"><highlight class="normal"><sp/><sp/><sp/><sp/><sp/><sp/><sp/><sp/><sp/><sp/><sp/><sp/>self.<ref refid="classf110__gym_1_1envs_1_1f110__env_1_1_f110_env_1a6fbb8c9dad98bbad696936dec9633939" kindref="member">map_name</ref><sp/>=<sp/>kwargs[</highlight><highlight class="stringliteral">&apos;map&apos;</highlight><highlight class="normal">]</highlight></codeline>
<codeline lineno="103"><highlight class="normal"><sp/><sp/><sp/><sp/><sp/><sp/><sp/><sp/><sp/><sp/><sp/><sp/></highlight><highlight class="comment">#<sp/>different<sp/>default<sp/>maps</highlight><highlight class="normal"></highlight></codeline>
<codeline lineno="104"><highlight class="normal"><sp/><sp/><sp/><sp/><sp/><sp/><sp/><sp/><sp/><sp/><sp/><sp/></highlight><highlight class="keywordflow">if</highlight><highlight class="normal"><sp/>self.<ref refid="classf110__gym_1_1envs_1_1f110__env_1_1_f110_env_1a6fbb8c9dad98bbad696936dec9633939" kindref="member">map_name</ref><sp/>==<sp/></highlight><highlight class="stringliteral">&apos;berlin&apos;</highlight><highlight class="normal">:</highlight></codeline>
<codeline lineno="105"><highlight class="normal"><sp/><sp/><sp/><sp/><sp/><sp/><sp/><sp/><sp/><sp/><sp/><sp/><sp/><sp/><sp/><sp/>self.<ref refid="classf110__gym_1_1envs_1_1f110__env_1_1_f110_env_1a584bf97317bbe8d38d8e0136753ded60" kindref="member">map_path</ref><sp/>=<sp/>os.path.dirname(os.path.abspath(__file__))<sp/>+<sp/></highlight><highlight class="stringliteral">&apos;/maps/berlin.yaml&apos;</highlight><highlight class="normal"></highlight></codeline>
<codeline lineno="106"><highlight class="normal"><sp/><sp/><sp/><sp/><sp/><sp/><sp/><sp/><sp/><sp/><sp/><sp/></highlight><highlight class="keywordflow">elif</highlight><highlight class="normal"><sp/>self.<ref refid="classf110__gym_1_1envs_1_1f110__env_1_1_f110_env_1a6fbb8c9dad98bbad696936dec9633939" kindref="member">map_name</ref><sp/>==<sp/></highlight><highlight class="stringliteral">&apos;skirk&apos;</highlight><highlight class="normal">:</highlight></codeline>
<codeline lineno="107"><highlight class="normal"><sp/><sp/><sp/><sp/><sp/><sp/><sp/><sp/><sp/><sp/><sp/><sp/><sp/><sp/><sp/><sp/>self.<ref refid="classf110__gym_1_1envs_1_1f110__env_1_1_f110_env_1a584bf97317bbe8d38d8e0136753ded60" kindref="member">map_path</ref><sp/>=<sp/>os.path.dirname(os.path.abspath(__file__))<sp/>+<sp/></highlight><highlight class="stringliteral">&apos;/maps/skirk.yaml&apos;</highlight><highlight class="normal"></highlight></codeline>
<codeline lineno="108"><highlight class="normal"><sp/><sp/><sp/><sp/><sp/><sp/><sp/><sp/><sp/><sp/><sp/><sp/></highlight><highlight class="keywordflow">elif</highlight><highlight class="normal"><sp/>self.<ref refid="classf110__gym_1_1envs_1_1f110__env_1_1_f110_env_1a6fbb8c9dad98bbad696936dec9633939" kindref="member">map_name</ref><sp/>==<sp/></highlight><highlight class="stringliteral">&apos;levine&apos;</highlight><highlight class="normal">:</highlight></codeline>
<codeline lineno="109"><highlight class="normal"><sp/><sp/><sp/><sp/><sp/><sp/><sp/><sp/><sp/><sp/><sp/><sp/><sp/><sp/><sp/><sp/>self.<ref refid="classf110__gym_1_1envs_1_1f110__env_1_1_f110_env_1a584bf97317bbe8d38d8e0136753ded60" kindref="member">map_path</ref><sp/>=<sp/>os.path.dirname(os.path.abspath(__file__))<sp/>+<sp/></highlight><highlight class="stringliteral">&apos;/maps/levine.yaml&apos;</highlight><highlight class="normal"></highlight></codeline>
<codeline lineno="110"><highlight class="normal"><sp/><sp/><sp/><sp/><sp/><sp/><sp/><sp/><sp/><sp/><sp/><sp/></highlight><highlight class="keywordflow">else</highlight><highlight class="normal">:</highlight></codeline>
<codeline lineno="111"><highlight class="normal"><sp/><sp/><sp/><sp/><sp/><sp/><sp/><sp/><sp/><sp/><sp/><sp/><sp/><sp/><sp/><sp/>self.<ref refid="classf110__gym_1_1envs_1_1f110__env_1_1_f110_env_1a584bf97317bbe8d38d8e0136753ded60" kindref="member">map_path</ref><sp/>=<sp/>self.<ref refid="classf110__gym_1_1envs_1_1f110__env_1_1_f110_env_1a6fbb8c9dad98bbad696936dec9633939" kindref="member">map_name</ref><sp/>+<sp/></highlight><highlight class="stringliteral">&apos;.yaml&apos;</highlight><highlight class="normal"></highlight></codeline>
<codeline lineno="112"><highlight class="normal"><sp/><sp/><sp/><sp/><sp/><sp/><sp/><sp/></highlight><highlight class="keywordflow">except</highlight><highlight class="normal">:</highlight></codeline>
<codeline lineno="113"><highlight class="normal"><sp/><sp/><sp/><sp/><sp/><sp/><sp/><sp/><sp/><sp/><sp/><sp/>self.<ref refid="classf110__gym_1_1envs_1_1f110__env_1_1_f110_env_1a584bf97317bbe8d38d8e0136753ded60" kindref="member">map_path</ref><sp/>=<sp/>os.path.dirname(os.path.abspath(__file__))<sp/>+<sp/></highlight><highlight class="stringliteral">&apos;/maps/vegas.yaml&apos;</highlight><highlight class="normal"></highlight></codeline>
<codeline lineno="114"><highlight class="normal"></highlight></codeline>
<codeline lineno="115"><highlight class="normal"><sp/><sp/><sp/><sp/><sp/><sp/><sp/><sp/></highlight><highlight class="keywordflow">try</highlight><highlight class="normal">:</highlight></codeline>
<codeline lineno="116"><highlight class="normal"><sp/><sp/><sp/><sp/><sp/><sp/><sp/><sp/><sp/><sp/><sp/><sp/>self.<ref refid="classf110__gym_1_1envs_1_1f110__env_1_1_f110_env_1a147cde741845fcded400365a9d495ce3" kindref="member">map_ext</ref><sp/>=<sp/>kwargs[</highlight><highlight class="stringliteral">&apos;map_ext&apos;</highlight><highlight class="normal">]</highlight></codeline>
<codeline lineno="117"><highlight class="normal"><sp/><sp/><sp/><sp/><sp/><sp/><sp/><sp/></highlight><highlight class="keywordflow">except</highlight><highlight class="normal">:</highlight></codeline>
<codeline lineno="118"><highlight class="normal"><sp/><sp/><sp/><sp/><sp/><sp/><sp/><sp/><sp/><sp/><sp/><sp/>self.<ref refid="classf110__gym_1_1envs_1_1f110__env_1_1_f110_env_1a147cde741845fcded400365a9d495ce3" kindref="member">map_ext</ref><sp/>=<sp/></highlight><highlight class="stringliteral">&apos;.png&apos;</highlight><highlight class="normal"></highlight></codeline>
<codeline lineno="119"><highlight class="normal"></highlight></codeline>
<codeline lineno="120"><highlight class="normal"><sp/><sp/><sp/><sp/><sp/><sp/><sp/><sp/></highlight><highlight class="keywordflow">try</highlight><highlight class="normal">:</highlight></codeline>
<codeline lineno="121"><highlight class="normal"><sp/><sp/><sp/><sp/><sp/><sp/><sp/><sp/><sp/><sp/><sp/><sp/>self.<ref refid="classf110__gym_1_1envs_1_1f110__env_1_1_f110_env_1ab1c1a4b9cb08b685c597b1d40402a479" kindref="member">params</ref><sp/>=<sp/>kwargs[</highlight><highlight class="stringliteral">&apos;params&apos;</highlight><highlight class="normal">]</highlight></codeline>
<codeline lineno="122"><highlight class="normal"><sp/><sp/><sp/><sp/><sp/><sp/><sp/><sp/></highlight><highlight class="keywordflow">except</highlight><highlight class="normal">:</highlight></codeline>
<codeline lineno="123"><highlight class="normal"><sp/><sp/><sp/><sp/><sp/><sp/><sp/><sp/><sp/><sp/><sp/><sp/>self.<ref refid="classf110__gym_1_1envs_1_1f110__env_1_1_f110_env_1ab1c1a4b9cb08b685c597b1d40402a479" kindref="member">params</ref><sp/>=<sp/>{</highlight><highlight class="stringliteral">&apos;mu&apos;</highlight><highlight class="normal">:<sp/>1.0489,<sp/></highlight><highlight class="stringliteral">&apos;C_Sf&apos;</highlight><highlight class="normal">:<sp/>4.718,<sp/></highlight><highlight class="stringliteral">&apos;C_Sr&apos;</highlight><highlight class="normal">:<sp/>5.4562,<sp/></highlight><highlight class="stringliteral">&apos;lf&apos;</highlight><highlight class="normal">:<sp/>0.15875,<sp/></highlight><highlight class="stringliteral">&apos;lr&apos;</highlight><highlight class="normal">:<sp/>0.17145,<sp/></highlight><highlight class="stringliteral">&apos;h&apos;</highlight><highlight class="normal">:<sp/>0.074,<sp/></highlight><highlight class="stringliteral">&apos;m&apos;</highlight><highlight class="normal">:<sp/>3.74,<sp/></highlight><highlight class="stringliteral">&apos;I&apos;</highlight><highlight class="normal">:<sp/>0.04712,<sp/></highlight><highlight class="stringliteral">&apos;s_min&apos;</highlight><highlight class="normal">:<sp/>-0.4189,<sp/></highlight><highlight class="stringliteral">&apos;s_max&apos;</highlight><highlight class="normal">:<sp/>0.4189,<sp/></highlight><highlight class="stringliteral">&apos;sv_min&apos;</highlight><highlight class="normal">:<sp/>-3.2,<sp/></highlight><highlight class="stringliteral">&apos;sv_max&apos;</highlight><highlight class="normal">:<sp/>3.2,<sp/></highlight><highlight class="stringliteral">&apos;v_switch&apos;</highlight><highlight class="normal">:<sp/>7.319,<sp/></highlight><highlight class="stringliteral">&apos;a_max&apos;</highlight><highlight class="normal">:<sp/>9.51,<sp/></highlight><highlight class="stringliteral">&apos;v_min&apos;</highlight><highlight class="normal">:-5.0,<sp/></highlight><highlight class="stringliteral">&apos;v_max&apos;</highlight><highlight class="normal">:<sp/>20.0,<sp/></highlight><highlight class="stringliteral">&apos;width&apos;</highlight><highlight class="normal">:<sp/>0.31,<sp/></highlight><highlight class="stringliteral">&apos;length&apos;</highlight><highlight class="normal">:<sp/>0.58}</highlight></codeline>
<codeline lineno="124"><highlight class="normal"></highlight></codeline>
<codeline lineno="125"><highlight class="normal"><sp/><sp/><sp/><sp/><sp/><sp/><sp/><sp/></highlight><highlight class="comment">#<sp/>simulation<sp/>parameters</highlight><highlight class="normal"></highlight></codeline>
<codeline lineno="126"><highlight class="normal"><sp/><sp/><sp/><sp/><sp/><sp/><sp/><sp/></highlight><highlight class="keywordflow">try</highlight><highlight class="normal">:</highlight></codeline>
<codeline lineno="127"><highlight class="normal"><sp/><sp/><sp/><sp/><sp/><sp/><sp/><sp/><sp/><sp/><sp/><sp/>self.<ref refid="classf110__gym_1_1envs_1_1f110__env_1_1_f110_env_1a4eefdcfd9a5f09eedfad9b27bf6ce45e" kindref="member">num_agents</ref><sp/>=<sp/>kwargs[</highlight><highlight class="stringliteral">&apos;num_agents&apos;</highlight><highlight class="normal">]</highlight></codeline>
<codeline lineno="128"><highlight class="normal"><sp/><sp/><sp/><sp/><sp/><sp/><sp/><sp/></highlight><highlight class="keywordflow">except</highlight><highlight class="normal">:</highlight></codeline>
<codeline lineno="129"><highlight class="normal"><sp/><sp/><sp/><sp/><sp/><sp/><sp/><sp/><sp/><sp/><sp/><sp/>self.<ref refid="classf110__gym_1_1envs_1_1f110__env_1_1_f110_env_1a4eefdcfd9a5f09eedfad9b27bf6ce45e" kindref="member">num_agents</ref><sp/>=<sp/>2</highlight></codeline>
<codeline lineno="130"><highlight class="normal"></highlight></codeline>
<codeline lineno="131"><highlight class="normal"><sp/><sp/><sp/><sp/><sp/><sp/><sp/><sp/></highlight><highlight class="keywordflow">try</highlight><highlight class="normal">:</highlight></codeline>
<codeline lineno="132"><highlight class="normal"><sp/><sp/><sp/><sp/><sp/><sp/><sp/><sp/><sp/><sp/><sp/><sp/>self.<ref refid="classf110__gym_1_1envs_1_1f110__env_1_1_f110_env_1abdc8699b0f8fb2412efef070affa8ccb" kindref="member">timestep</ref><sp/>=<sp/>kwargs[</highlight><highlight class="stringliteral">&apos;timestep&apos;</highlight><highlight class="normal">]</highlight></codeline>
<codeline lineno="133"><highlight class="normal"><sp/><sp/><sp/><sp/><sp/><sp/><sp/><sp/></highlight><highlight class="keywordflow">except</highlight><highlight class="normal">:</highlight></codeline>
<codeline lineno="134"><highlight class="normal"><sp/><sp/><sp/><sp/><sp/><sp/><sp/><sp/><sp/><sp/><sp/><sp/>self.<ref refid="classf110__gym_1_1envs_1_1f110__env_1_1_f110_env_1abdc8699b0f8fb2412efef070affa8ccb" kindref="member">timestep</ref><sp/>=<sp/>0.01</highlight></codeline>
<codeline lineno="135"><highlight class="normal"></highlight></codeline>
<codeline lineno="136"><highlight class="normal"><sp/><sp/><sp/><sp/><sp/><sp/><sp/><sp/></highlight><highlight class="comment">#<sp/>default<sp/>ego<sp/>index</highlight><highlight class="normal"></highlight></codeline>
<codeline lineno="137"><highlight class="normal"><sp/><sp/><sp/><sp/><sp/><sp/><sp/><sp/></highlight><highlight class="keywordflow">try</highlight><highlight class="normal">:</highlight></codeline>
<codeline lineno="138"><highlight class="normal"><sp/><sp/><sp/><sp/><sp/><sp/><sp/><sp/><sp/><sp/><sp/><sp/>self.<ref refid="classf110__gym_1_1envs_1_1f110__env_1_1_f110_env_1aebce8c6c42f258d8c561da27dde0c01b" kindref="member">ego_idx</ref><sp/>=<sp/>kwargs[</highlight><highlight class="stringliteral">&apos;ego_idx&apos;</highlight><highlight class="normal">]</highlight></codeline>
<codeline lineno="139"><highlight class="normal"><sp/><sp/><sp/><sp/><sp/><sp/><sp/><sp/></highlight><highlight class="keywordflow">except</highlight><highlight class="normal">:</highlight></codeline>
<codeline lineno="140"><highlight class="normal"><sp/><sp/><sp/><sp/><sp/><sp/><sp/><sp/><sp/><sp/><sp/><sp/>self.<ref refid="classf110__gym_1_1envs_1_1f110__env_1_1_f110_env_1aebce8c6c42f258d8c561da27dde0c01b" kindref="member">ego_idx</ref><sp/>=<sp/>0</highlight></codeline>
<codeline lineno="141"><highlight class="normal"></highlight></codeline>
<codeline lineno="142"><highlight class="normal"><sp/><sp/><sp/><sp/><sp/><sp/><sp/><sp/></highlight><highlight class="comment">#<sp/>radius<sp/>to<sp/>consider<sp/>done</highlight><highlight class="normal"></highlight></codeline>
<codeline lineno="143"><highlight class="normal"><sp/><sp/><sp/><sp/><sp/><sp/><sp/><sp/>self.<ref refid="classf110__gym_1_1envs_1_1f110__env_1_1_f110_env_1a2496c3576ebb86df560fb09004583527" kindref="member">start_thresh</ref><sp/>=<sp/>0.5<sp/><sp/></highlight><highlight class="comment">#<sp/>10cm</highlight><highlight class="normal"></highlight></codeline>
<codeline lineno="144"><highlight class="normal"></highlight></codeline>
<codeline lineno="145"><highlight class="normal"><sp/><sp/><sp/><sp/><sp/><sp/><sp/><sp/></highlight><highlight class="comment">#<sp/>env<sp/>states</highlight><highlight class="normal"></highlight></codeline>
<codeline lineno="146"><highlight class="normal"><sp/><sp/><sp/><sp/><sp/><sp/><sp/><sp/>self.<ref refid="classf110__gym_1_1envs_1_1f110__env_1_1_f110_env_1ae83c6ed936fe9e1a542be6b2eb76395c" kindref="member">poses_x</ref><sp/>=<sp/>[]</highlight></codeline>
<codeline lineno="147"><highlight class="normal"><sp/><sp/><sp/><sp/><sp/><sp/><sp/><sp/>self.<ref refid="classf110__gym_1_1envs_1_1f110__env_1_1_f110_env_1a03432e028beff28596178dc9236fc4e8" kindref="member">poses_y</ref><sp/>=<sp/>[]</highlight></codeline>
<codeline lineno="148"><highlight class="normal"><sp/><sp/><sp/><sp/><sp/><sp/><sp/><sp/>self.<ref refid="classf110__gym_1_1envs_1_1f110__env_1_1_f110_env_1a3ffb6fa7e705c18d5316444488cb649b" kindref="member">poses_theta</ref><sp/>=<sp/>[]</highlight></codeline>
<codeline lineno="149"><highlight class="normal"><sp/><sp/><sp/><sp/><sp/><sp/><sp/><sp/>self.<ref refid="classf110__gym_1_1envs_1_1f110__env_1_1_f110_env_1ada1a8cc0681447645b811448f516885a" kindref="member">collisions</ref><sp/>=<sp/>np.zeros((self.<ref refid="classf110__gym_1_1envs_1_1f110__env_1_1_f110_env_1a4eefdcfd9a5f09eedfad9b27bf6ce45e" kindref="member">num_agents</ref>,<sp/>))</highlight></codeline>
<codeline lineno="150"><highlight class="normal"><sp/><sp/><sp/><sp/><sp/><sp/><sp/><sp/></highlight><highlight class="comment">#<sp/>TODO:<sp/>collision_idx<sp/>not<sp/>used<sp/>yet</highlight><highlight class="normal"></highlight></codeline>
<codeline lineno="151"><highlight class="normal"><sp/><sp/><sp/><sp/><sp/><sp/><sp/><sp/></highlight><highlight class="comment">#<sp/>self.collision_idx<sp/>=<sp/>-1<sp/>*<sp/>np.ones((self.num_agents,<sp/>))</highlight><highlight class="normal"></highlight></codeline>
<codeline lineno="152"><highlight class="normal"></highlight></codeline>
<codeline lineno="153"><highlight class="normal"><sp/><sp/><sp/><sp/><sp/><sp/><sp/><sp/></highlight><highlight class="comment">#<sp/>loop<sp/>completion</highlight><highlight class="normal"></highlight></codeline>
<codeline lineno="154"><highlight class="normal"><sp/><sp/><sp/><sp/><sp/><sp/><sp/><sp/>self.<ref refid="classf110__gym_1_1envs_1_1f110__env_1_1_f110_env_1afc0a35ce8ff234279acffc66092d72a1" kindref="member">near_start</ref><sp/>=<sp/></highlight><highlight class="keyword">True</highlight><highlight class="normal"></highlight></codeline>
<codeline lineno="155"><highlight class="normal"><sp/><sp/><sp/><sp/><sp/><sp/><sp/><sp/>self.<ref refid="classf110__gym_1_1envs_1_1f110__env_1_1_f110_env_1a6c19f5c3146fa6be496639ab4ed0d63f" kindref="member">num_toggles</ref><sp/>=<sp/>0</highlight></codeline>
<codeline lineno="156"><highlight class="normal"></highlight></codeline>
<codeline lineno="157"><highlight class="normal"><sp/><sp/><sp/><sp/><sp/><sp/><sp/><sp/></highlight><highlight class="comment">#<sp/>race<sp/>info</highlight><highlight class="normal"></highlight></codeline>
<codeline lineno="158"><highlight class="normal"><sp/><sp/><sp/><sp/><sp/><sp/><sp/><sp/>self.<ref refid="classf110__gym_1_1envs_1_1f110__env_1_1_f110_env_1a83f64f867c24f12d9ad3e14745e23aa1" kindref="member">lap_times</ref><sp/>=<sp/>np.zeros((self.<ref refid="classf110__gym_1_1envs_1_1f110__env_1_1_f110_env_1a4eefdcfd9a5f09eedfad9b27bf6ce45e" kindref="member">num_agents</ref>,<sp/>))</highlight></codeline>
<codeline lineno="159"><highlight class="normal"><sp/><sp/><sp/><sp/><sp/><sp/><sp/><sp/>self.<ref refid="classf110__gym_1_1envs_1_1f110__env_1_1_f110_env_1a0b2cc3bd151748987c6e23f34f16d1a2" kindref="member">lap_counts</ref><sp/>=<sp/>np.zeros((self.<ref refid="classf110__gym_1_1envs_1_1f110__env_1_1_f110_env_1a4eefdcfd9a5f09eedfad9b27bf6ce45e" kindref="member">num_agents</ref>,<sp/>))</highlight></codeline>
<codeline lineno="160"><highlight class="normal"><sp/><sp/><sp/><sp/><sp/><sp/><sp/><sp/>self.<ref refid="classf110__gym_1_1envs_1_1f110__env_1_1_f110_env_1a6539fde56adcb5755acfe1c86251f193" kindref="member">current_time</ref><sp/>=<sp/>0.0</highlight></codeline>
<codeline lineno="161"><highlight class="normal"></highlight></codeline>
<codeline lineno="162"><highlight class="normal"><sp/><sp/><sp/><sp/><sp/><sp/><sp/><sp/></highlight><highlight class="comment">#<sp/>finish<sp/>line<sp/>info</highlight><highlight class="normal"></highlight></codeline>
<codeline lineno="163"><highlight class="normal"><sp/><sp/><sp/><sp/><sp/><sp/><sp/><sp/>self.<ref refid="classf110__gym_1_1envs_1_1f110__env_1_1_f110_env_1a6c19f5c3146fa6be496639ab4ed0d63f" kindref="member">num_toggles</ref><sp/>=<sp/>0</highlight></codeline>
<codeline lineno="164"><highlight class="normal"><sp/><sp/><sp/><sp/><sp/><sp/><sp/><sp/>self.<ref refid="classf110__gym_1_1envs_1_1f110__env_1_1_f110_env_1afc0a35ce8ff234279acffc66092d72a1" kindref="member">near_start</ref><sp/>=<sp/></highlight><highlight class="keyword">True</highlight><highlight class="normal"></highlight></codeline>
<codeline lineno="165"><highlight class="normal"><sp/><sp/><sp/><sp/><sp/><sp/><sp/><sp/>self.<ref refid="classf110__gym_1_1envs_1_1f110__env_1_1_f110_env_1a24602450e500c08f3190672922de25de" kindref="member">near_starts</ref><sp/>=<sp/>np.array([</highlight><highlight class="keyword">True</highlight><highlight class="normal">]*self.<ref refid="classf110__gym_1_1envs_1_1f110__env_1_1_f110_env_1a4eefdcfd9a5f09eedfad9b27bf6ce45e" kindref="member">num_agents</ref>)</highlight></codeline>
<codeline lineno="166"><highlight class="normal"><sp/><sp/><sp/><sp/><sp/><sp/><sp/><sp/>self.<ref refid="classf110__gym_1_1envs_1_1f110__env_1_1_f110_env_1a45f4f52ca91b4efa14118d3718213eb6" kindref="member">toggle_list</ref><sp/>=<sp/>np.zeros((self.<ref refid="classf110__gym_1_1envs_1_1f110__env_1_1_f110_env_1a4eefdcfd9a5f09eedfad9b27bf6ce45e" kindref="member">num_agents</ref>,))</highlight></codeline>
<codeline lineno="167"><highlight class="normal"><sp/><sp/><sp/><sp/><sp/><sp/><sp/><sp/>self.<ref refid="classf110__gym_1_1envs_1_1f110__env_1_1_f110_env_1ae867a64de7fea1f98cb6db6e9ff9d4ed" kindref="member">start_xs</ref><sp/>=<sp/>np.zeros((self.<ref refid="classf110__gym_1_1envs_1_1f110__env_1_1_f110_env_1a4eefdcfd9a5f09eedfad9b27bf6ce45e" kindref="member">num_agents</ref>,<sp/>))</highlight></codeline>
<codeline lineno="168"><highlight class="normal"><sp/><sp/><sp/><sp/><sp/><sp/><sp/><sp/>self.<ref refid="classf110__gym_1_1envs_1_1f110__env_1_1_f110_env_1a814ae4233f0c96728a9a5f47f5add06e" kindref="member">start_ys</ref><sp/>=<sp/>np.zeros((self.<ref refid="classf110__gym_1_1envs_1_1f110__env_1_1_f110_env_1a4eefdcfd9a5f09eedfad9b27bf6ce45e" kindref="member">num_agents</ref>,<sp/>))</highlight></codeline>
<codeline lineno="169"><highlight class="normal"><sp/><sp/><sp/><sp/><sp/><sp/><sp/><sp/>self.<ref refid="classf110__gym_1_1envs_1_1f110__env_1_1_f110_env_1a064dc8d975b3da3e0ac29f73b626b6aa" kindref="member">start_thetas</ref><sp/>=<sp/>np.zeros((self.<ref refid="classf110__gym_1_1envs_1_1f110__env_1_1_f110_env_1a4eefdcfd9a5f09eedfad9b27bf6ce45e" kindref="member">num_agents</ref>,<sp/>))</highlight></codeline>
<codeline lineno="170"><highlight class="normal"><sp/><sp/><sp/><sp/><sp/><sp/><sp/><sp/>self.<ref refid="classf110__gym_1_1envs_1_1f110__env_1_1_f110_env_1a613e153a969b6e3df72893eed2da061f" kindref="member">start_rot</ref><sp/>=<sp/>np.eye(2)</highlight></codeline>
<codeline lineno="171"><highlight class="normal"></highlight></codeline>
<codeline lineno="172"><highlight class="normal"><sp/><sp/><sp/><sp/><sp/><sp/><sp/><sp/></highlight><highlight class="comment">#<sp/>initiate<sp/>stuff</highlight><highlight class="normal"></highlight></codeline>
<codeline lineno="173"><highlight class="normal"><sp/><sp/><sp/><sp/><sp/><sp/><sp/><sp/>self.<ref refid="classf110__gym_1_1envs_1_1f110__env_1_1_f110_env_1aa8a35ba4818fe79c1e2c6f9058a31dde" kindref="member">sim</ref><sp/>=<sp/><ref refid="classf110__gym_1_1envs_1_1base__classes_1_1_simulator" kindref="compound">Simulator</ref>(self.<ref refid="classf110__gym_1_1envs_1_1f110__env_1_1_f110_env_1ab1c1a4b9cb08b685c597b1d40402a479" kindref="member">params</ref>,<sp/>self.<ref refid="classf110__gym_1_1envs_1_1f110__env_1_1_f110_env_1a4eefdcfd9a5f09eedfad9b27bf6ce45e" kindref="member">num_agents</ref>)</highlight></codeline>
<codeline lineno="174"><highlight class="normal"><sp/><sp/><sp/><sp/><sp/><sp/><sp/><sp/>self.<ref refid="classf110__gym_1_1envs_1_1f110__env_1_1_f110_env_1aa8a35ba4818fe79c1e2c6f9058a31dde" kindref="member">sim</ref>.set_map(self.<ref refid="classf110__gym_1_1envs_1_1f110__env_1_1_f110_env_1a584bf97317bbe8d38d8e0136753ded60" kindref="member">map_path</ref>,<sp/>self.<ref refid="classf110__gym_1_1envs_1_1f110__env_1_1_f110_env_1a147cde741845fcded400365a9d495ce3" kindref="member">map_ext</ref>)</highlight></codeline>
<codeline lineno="175"><highlight class="normal"></highlight></codeline>
<codeline lineno="176"><highlight class="normal"><sp/><sp/><sp/><sp/><sp/><sp/><sp/><sp/></highlight><highlight class="comment">#<sp/>rendering</highlight><highlight class="normal"></highlight></codeline>
<codeline lineno="177"><highlight class="normal"><sp/><sp/><sp/><sp/><sp/><sp/><sp/><sp/>self.<ref refid="classf110__gym_1_1envs_1_1f110__env_1_1_f110_env_1aaa2e9426a3f641b295203f9166c33fac" kindref="member">renderer</ref><sp/>=<sp/></highlight><highlight class="keywordtype">None</highlight><highlight class="normal"></highlight></codeline>
<codeline lineno="178"><highlight class="normal"><sp/><sp/><sp/><sp/><sp/><sp/><sp/><sp/>self.<ref refid="classf110__gym_1_1envs_1_1f110__env_1_1_f110_env_1ad293c8b43306e47c4430b16b9f7b8d8c" kindref="member">current_obs</ref><sp/>=<sp/></highlight><highlight class="keywordtype">None</highlight><highlight class="normal"></highlight></codeline>
<codeline lineno="179"><highlight class="normal"></highlight></codeline>
<codeline lineno="180"><highlight class="normal"><sp/><sp/><sp/><sp/></highlight><highlight class="keyword">def<sp/></highlight><highlight class="normal"><ref refid="classf110__gym_1_1envs_1_1f110__env_1_1_f110_env_1ae193b905b3d1c213ec4324283ebdf201" kindref="member">__del__</ref>(self):</highlight></codeline>
<codeline lineno="181"><highlight class="normal"><sp/><sp/><sp/><sp/><sp/><sp/><sp/><sp/></highlight><highlight class="stringliteral">&quot;&quot;&quot;</highlight></codeline>
<codeline lineno="182"><highlight class="stringliteral"><sp/><sp/><sp/><sp/><sp/><sp/><sp/><sp/>Finalizer,<sp/>does<sp/>cleanup</highlight></codeline>
<codeline lineno="183"><highlight class="stringliteral"><sp/><sp/><sp/><sp/><sp/><sp/><sp/><sp/>&quot;&quot;&quot;</highlight><highlight class="normal"></highlight></codeline>
<codeline lineno="184"><highlight class="normal"><sp/><sp/><sp/><sp/><sp/><sp/><sp/><sp/></highlight><highlight class="keywordflow">pass</highlight><highlight class="normal"></highlight></codeline>
<codeline lineno="185"><highlight class="normal"></highlight></codeline>
<codeline lineno="186"><highlight class="normal"><sp/><sp/><sp/><sp/></highlight><highlight class="keyword">def<sp/></highlight><highlight class="normal">_check_done(self):</highlight></codeline>
<codeline lineno="187"><highlight class="normal"><sp/><sp/><sp/><sp/><sp/><sp/><sp/><sp/></highlight><highlight class="stringliteral">&quot;&quot;&quot;</highlight></codeline>
<codeline lineno="188"><highlight class="stringliteral"><sp/><sp/><sp/><sp/><sp/><sp/><sp/><sp/>Check<sp/>if<sp/>the<sp/>current<sp/>rollout<sp/>is<sp/>done</highlight></codeline>
<codeline lineno="189"><highlight class="stringliteral"><sp/><sp/><sp/><sp/><sp/><sp/><sp/><sp/></highlight></codeline>
<codeline lineno="190"><highlight class="stringliteral"><sp/><sp/><sp/><sp/><sp/><sp/><sp/><sp/>Args:</highlight></codeline>
<codeline lineno="191"><highlight class="stringliteral"><sp/><sp/><sp/><sp/><sp/><sp/><sp/><sp/><sp/><sp/><sp/><sp/>None</highlight></codeline>
<codeline lineno="192"><highlight class="stringliteral"></highlight></codeline>
<codeline lineno="193"><highlight class="stringliteral"><sp/><sp/><sp/><sp/><sp/><sp/><sp/><sp/>Returns:</highlight></codeline>
<codeline lineno="194"><highlight class="stringliteral"><sp/><sp/><sp/><sp/><sp/><sp/><sp/><sp/><sp/><sp/><sp/><sp/>done<sp/>(bool):<sp/>whether<sp/>the<sp/>rollout<sp/>is<sp/>done</highlight></codeline>
<codeline lineno="195"><highlight class="stringliteral"><sp/><sp/><sp/><sp/><sp/><sp/><sp/><sp/><sp/><sp/><sp/><sp/>toggle_list<sp/>(list[int]):<sp/>each<sp/>agent&apos;s<sp/>toggle<sp/>list<sp/>for<sp/>crossing<sp/>the<sp/>finish<sp/>zone</highlight></codeline>
<codeline lineno="196"><highlight class="stringliteral"><sp/><sp/><sp/><sp/><sp/><sp/><sp/><sp/>&quot;&quot;&quot;</highlight><highlight class="normal"></highlight></codeline>
<codeline lineno="197"><highlight class="normal"></highlight></codeline>
<codeline lineno="198"><highlight class="normal"><sp/><sp/><sp/><sp/><sp/><sp/><sp/><sp/></highlight><highlight class="comment">#<sp/>this<sp/>is<sp/>assuming<sp/>2<sp/>agents</highlight><highlight class="normal"></highlight></codeline>
<codeline lineno="199"><highlight class="normal"><sp/><sp/><sp/><sp/><sp/><sp/><sp/><sp/></highlight><highlight class="comment">#<sp/>TODO:<sp/>switch<sp/>to<sp/>maybe<sp/>s-based</highlight><highlight class="normal"></highlight></codeline>
<codeline lineno="200"><highlight class="normal"><sp/><sp/><sp/><sp/><sp/><sp/><sp/><sp/>left_t<sp/>=<sp/>2</highlight></codeline>
<codeline lineno="201"><highlight class="normal"><sp/><sp/><sp/><sp/><sp/><sp/><sp/><sp/>right_t<sp/>=<sp/>2</highlight></codeline>
<codeline lineno="202"><highlight class="normal"><sp/><sp/><sp/><sp/><sp/><sp/><sp/><sp/></highlight></codeline>
<codeline lineno="203"><highlight class="normal"><sp/><sp/><sp/><sp/><sp/><sp/><sp/><sp/>poses_x<sp/>=<sp/>np.array(self.poses_x)-self.start_xs</highlight></codeline>
<codeline lineno="204"><highlight class="normal"><sp/><sp/><sp/><sp/><sp/><sp/><sp/><sp/>poses_y<sp/>=<sp/>np.array(self.poses_y)-self.start_ys</highlight></codeline>
<codeline lineno="205"><highlight class="normal"><sp/><sp/><sp/><sp/><sp/><sp/><sp/><sp/>delta_pt<sp/>=<sp/>np.dot(self.start_rot,<sp/>np.stack((poses_x,<sp/>poses_y),<sp/>axis=0))</highlight></codeline>
<codeline lineno="206"><highlight class="normal"><sp/><sp/><sp/><sp/><sp/><sp/><sp/><sp/>temp_y<sp/>=<sp/>delta_pt[1,:]</highlight></codeline>
<codeline lineno="207"><highlight class="normal"><sp/><sp/><sp/><sp/><sp/><sp/><sp/><sp/>idx1<sp/>=<sp/>temp_y<sp/>&gt;<sp/>left_t</highlight></codeline>
<codeline lineno="208"><highlight class="normal"><sp/><sp/><sp/><sp/><sp/><sp/><sp/><sp/>idx2<sp/>=<sp/>temp_y<sp/>&lt;<sp/>-right_t</highlight></codeline>
<codeline lineno="209"><highlight class="normal"><sp/><sp/><sp/><sp/><sp/><sp/><sp/><sp/>temp_y[idx1]<sp/>-=<sp/>left_t</highlight></codeline>
<codeline lineno="210"><highlight class="normal"><sp/><sp/><sp/><sp/><sp/><sp/><sp/><sp/>temp_y[idx2]<sp/>=<sp/>-right_t<sp/>-<sp/>temp_y[idx2]</highlight></codeline>
<codeline lineno="211"><highlight class="normal"><sp/><sp/><sp/><sp/><sp/><sp/><sp/><sp/>temp_y[np.invert(np.logical_or(idx1,<sp/>idx2))]<sp/>=<sp/>0</highlight></codeline>
<codeline lineno="212"><highlight class="normal"></highlight></codeline>
<codeline lineno="213"><highlight class="normal"><sp/><sp/><sp/><sp/><sp/><sp/><sp/><sp/>dist2<sp/>=<sp/>delta_pt[0,:]**2<sp/>+<sp/>temp_y**2</highlight></codeline>
<codeline lineno="214"><highlight class="normal"><sp/><sp/><sp/><sp/><sp/><sp/><sp/><sp/>closes<sp/>=<sp/>dist2<sp/>&lt;=<sp/>0.1</highlight></codeline>
<codeline lineno="215"><highlight class="normal"><sp/><sp/><sp/><sp/><sp/><sp/><sp/><sp/></highlight><highlight class="keywordflow">for</highlight><highlight class="normal"><sp/>i<sp/></highlight><highlight class="keywordflow">in</highlight><highlight class="normal"><sp/>range(self.num_agents):</highlight></codeline>
<codeline lineno="216"><highlight class="normal"><sp/><sp/><sp/><sp/><sp/><sp/><sp/><sp/><sp/><sp/><sp/><sp/></highlight><highlight class="keywordflow">if</highlight><highlight class="normal"><sp/>closes[i]<sp/></highlight><highlight class="keywordflow">and</highlight><highlight class="normal"><sp/></highlight><highlight class="keywordflow">not</highlight><highlight class="normal"><sp/>self.near_starts[i]:</highlight></codeline>
<codeline lineno="217"><highlight class="normal"><sp/><sp/><sp/><sp/><sp/><sp/><sp/><sp/><sp/><sp/><sp/><sp/><sp/><sp/><sp/><sp/>self.near_starts[i]<sp/>=<sp/></highlight><highlight class="keyword">True</highlight><highlight class="normal"></highlight></codeline>
<codeline lineno="218"><highlight class="normal"><sp/><sp/><sp/><sp/><sp/><sp/><sp/><sp/><sp/><sp/><sp/><sp/><sp/><sp/><sp/><sp/>self.toggle_list[i]<sp/>+=<sp/>1</highlight></codeline>
<codeline lineno="219"><highlight class="normal"><sp/><sp/><sp/><sp/><sp/><sp/><sp/><sp/><sp/><sp/><sp/><sp/></highlight><highlight class="keywordflow">elif</highlight><highlight class="normal"><sp/></highlight><highlight class="keywordflow">not</highlight><highlight class="normal"><sp/>closes[i]<sp/></highlight><highlight class="keywordflow">and</highlight><highlight class="normal"><sp/>self.near_starts[i]:</highlight></codeline>
<codeline lineno="220"><highlight class="normal"><sp/><sp/><sp/><sp/><sp/><sp/><sp/><sp/><sp/><sp/><sp/><sp/><sp/><sp/><sp/><sp/>self.near_starts[i]<sp/>=<sp/></highlight><highlight class="keyword">False</highlight><highlight class="normal"></highlight></codeline>
<codeline lineno="221"><highlight class="normal"><sp/><sp/><sp/><sp/><sp/><sp/><sp/><sp/><sp/><sp/><sp/><sp/><sp/><sp/><sp/><sp/>self.toggle_list[i]<sp/>+=<sp/>1</highlight></codeline>
<codeline lineno="222"><highlight class="normal"><sp/><sp/><sp/><sp/><sp/><sp/><sp/><sp/><sp/><sp/><sp/><sp/>self.lap_counts[i]<sp/>=<sp/>self.toggle_list[i]<sp/>//<sp/>2</highlight></codeline>
<codeline lineno="223"><highlight class="normal"><sp/><sp/><sp/><sp/><sp/><sp/><sp/><sp/><sp/><sp/><sp/><sp/></highlight><highlight class="keywordflow">if</highlight><highlight class="normal"><sp/>self.toggle_list[i]<sp/>&lt;<sp/>4:</highlight></codeline>
<codeline lineno="224"><highlight class="normal"><sp/><sp/><sp/><sp/><sp/><sp/><sp/><sp/><sp/><sp/><sp/><sp/><sp/><sp/><sp/><sp/>self.lap_times[i]<sp/>=<sp/>self.current_time</highlight></codeline>
<codeline lineno="225"><highlight class="normal"><sp/><sp/><sp/><sp/><sp/><sp/><sp/><sp/></highlight></codeline>
<codeline lineno="226"><highlight class="normal"><sp/><sp/><sp/><sp/><sp/><sp/><sp/><sp/>done<sp/>=<sp/>(self.collisions[self.ego_idx])<sp/></highlight><highlight class="keywordflow">or</highlight><highlight class="normal"><sp/>np.all(self.toggle_list<sp/>&gt;=<sp/>4)</highlight></codeline>
<codeline lineno="227"><highlight class="normal"><sp/><sp/><sp/><sp/><sp/><sp/><sp/><sp/></highlight></codeline>
<codeline lineno="228"><highlight class="normal"><sp/><sp/><sp/><sp/><sp/><sp/><sp/><sp/></highlight><highlight class="keywordflow">return</highlight><highlight class="normal"><sp/>done,<sp/>self.toggle_list<sp/>&gt;=<sp/>4</highlight></codeline>
<codeline lineno="229"><highlight class="normal"></highlight></codeline>
<codeline lineno="230"><highlight class="normal"><sp/><sp/><sp/><sp/></highlight><highlight class="keyword">def<sp/></highlight><highlight class="normal">_update_state(self,<sp/>obs_dict):</highlight></codeline>
<codeline lineno="231"><highlight class="normal"><sp/><sp/><sp/><sp/><sp/><sp/><sp/><sp/></highlight><highlight class="stringliteral">&quot;&quot;&quot;</highlight></codeline>
<codeline lineno="232"><highlight class="stringliteral"><sp/><sp/><sp/><sp/><sp/><sp/><sp/><sp/>Update<sp/>the<sp/>env&apos;s<sp/>states<sp/>according<sp/>to<sp/>observations</highlight></codeline>
<codeline lineno="233"><highlight class="stringliteral"><sp/><sp/><sp/><sp/><sp/><sp/><sp/><sp/></highlight></codeline>
<codeline lineno="234"><highlight class="stringliteral"><sp/><sp/><sp/><sp/><sp/><sp/><sp/><sp/>Args:</highlight></codeline>
<codeline lineno="235"><highlight class="stringliteral"><sp/><sp/><sp/><sp/><sp/><sp/><sp/><sp/><sp/><sp/><sp/><sp/>obs_dict<sp/>(dict):<sp/>dictionary<sp/>of<sp/>observation</highlight></codeline>
<codeline lineno="236"><highlight class="stringliteral"></highlight></codeline>
<codeline lineno="237"><highlight class="stringliteral"><sp/><sp/><sp/><sp/><sp/><sp/><sp/><sp/>Returns:</highlight></codeline>
<codeline lineno="238"><highlight class="stringliteral"><sp/><sp/><sp/><sp/><sp/><sp/><sp/><sp/><sp/><sp/><sp/><sp/>None</highlight></codeline>
<codeline lineno="239"><highlight class="stringliteral"><sp/><sp/><sp/><sp/><sp/><sp/><sp/><sp/>&quot;&quot;&quot;</highlight><highlight class="normal"></highlight></codeline>
<codeline lineno="240"><highlight class="normal"><sp/><sp/><sp/><sp/><sp/><sp/><sp/><sp/>self.poses_x<sp/>=<sp/>obs_dict[</highlight><highlight class="stringliteral">&apos;poses_x&apos;</highlight><highlight class="normal">]</highlight></codeline>
<codeline lineno="241"><highlight class="normal"><sp/><sp/><sp/><sp/><sp/><sp/><sp/><sp/>self.poses_y<sp/>=<sp/>obs_dict[</highlight><highlight class="stringliteral">&apos;poses_y&apos;</highlight><highlight class="normal">]</highlight></codeline>
<codeline lineno="242"><highlight class="normal"><sp/><sp/><sp/><sp/><sp/><sp/><sp/><sp/>self.poses_theta<sp/>=<sp/>obs_dict[</highlight><highlight class="stringliteral">&apos;poses_theta&apos;</highlight><highlight class="normal">]</highlight></codeline>
<codeline lineno="243"><highlight class="normal"><sp/><sp/><sp/><sp/><sp/><sp/><sp/><sp/>self.collisions<sp/>=<sp/>obs_dict[</highlight><highlight class="stringliteral">&apos;collisions&apos;</highlight><highlight class="normal">]</highlight></codeline>
<codeline lineno="244"><highlight class="normal"></highlight></codeline>
<codeline lineno="245"><highlight class="normal"><sp/><sp/><sp/><sp/></highlight><highlight class="keyword">def<sp/></highlight><highlight class="normal"><ref refid="classf110__gym_1_1envs_1_1f110__env_1_1_f110_env_1a0df471828ba39c5228bf5c814a5d0e6e" kindref="member">step</ref>(self,<sp/>action):</highlight></codeline>
<codeline lineno="246"><highlight class="normal"><sp/><sp/><sp/><sp/><sp/><sp/><sp/><sp/></highlight><highlight class="stringliteral">&quot;&quot;&quot;</highlight></codeline>
<codeline lineno="247"><highlight class="stringliteral"><sp/><sp/><sp/><sp/><sp/><sp/><sp/><sp/>Step<sp/>function<sp/>for<sp/>the<sp/>gym<sp/>env</highlight></codeline>
<codeline lineno="248"><highlight class="stringliteral"></highlight></codeline>
<codeline lineno="249"><highlight class="stringliteral"><sp/><sp/><sp/><sp/><sp/><sp/><sp/><sp/>Args:</highlight></codeline>
<codeline lineno="250"><highlight class="stringliteral"><sp/><sp/><sp/><sp/><sp/><sp/><sp/><sp/><sp/><sp/><sp/><sp/>action<sp/>(np.ndarray(num_agents,<sp/>2))</highlight></codeline>
<codeline lineno="251"><highlight class="stringliteral"></highlight></codeline>
<codeline lineno="252"><highlight class="stringliteral"><sp/><sp/><sp/><sp/><sp/><sp/><sp/><sp/>Returns:</highlight></codeline>
<codeline lineno="253"><highlight class="stringliteral"><sp/><sp/><sp/><sp/><sp/><sp/><sp/><sp/><sp/><sp/><sp/><sp/>obs<sp/>(dict):<sp/>observation<sp/>of<sp/>the<sp/>current<sp/>step</highlight></codeline>
<codeline lineno="254"><highlight class="stringliteral"><sp/><sp/><sp/><sp/><sp/><sp/><sp/><sp/><sp/><sp/><sp/><sp/>reward<sp/>(float,<sp/>default=self.timestep):<sp/>step<sp/>reward,<sp/>currently<sp/>is<sp/>physics<sp/>timestep</highlight></codeline>
<codeline lineno="255"><highlight class="stringliteral"><sp/><sp/><sp/><sp/><sp/><sp/><sp/><sp/><sp/><sp/><sp/><sp/>done<sp/>(bool):<sp/>if<sp/>the<sp/>simulation<sp/>is<sp/>done</highlight></codeline>
<codeline lineno="256"><highlight class="stringliteral"><sp/><sp/><sp/><sp/><sp/><sp/><sp/><sp/><sp/><sp/><sp/><sp/>info<sp/>(dict):<sp/>auxillary<sp/>information<sp/>dictionary</highlight></codeline>
<codeline lineno="257"><highlight class="stringliteral"><sp/><sp/><sp/><sp/><sp/><sp/><sp/><sp/>&quot;&quot;&quot;</highlight><highlight class="normal"></highlight></codeline>
<codeline lineno="258"><highlight class="normal"><sp/><sp/><sp/><sp/><sp/><sp/><sp/><sp/></highlight></codeline>
<codeline lineno="259"><highlight class="normal"><sp/><sp/><sp/><sp/><sp/><sp/><sp/><sp/></highlight><highlight class="comment">#<sp/>call<sp/>simulation<sp/>step</highlight><highlight class="normal"></highlight></codeline>
<codeline lineno="260"><highlight class="normal"><sp/><sp/><sp/><sp/><sp/><sp/><sp/><sp/>obs<sp/>=<sp/>self.sim.<ref refid="classf110__gym_1_1envs_1_1f110__env_1_1_f110_env_1a0df471828ba39c5228bf5c814a5d0e6e" kindref="member">step</ref>(action)</highlight></codeline>
<codeline lineno="261"><highlight class="normal"><sp/><sp/><sp/><sp/><sp/><sp/><sp/><sp/>obs[</highlight><highlight class="stringliteral">&apos;lap_times&apos;</highlight><highlight class="normal">]<sp/>=<sp/>self.lap_times</highlight></codeline>
<codeline lineno="262"><highlight class="normal"><sp/><sp/><sp/><sp/><sp/><sp/><sp/><sp/>obs[</highlight><highlight class="stringliteral">&apos;lap_counts&apos;</highlight><highlight class="normal">]<sp/>=<sp/>self.lap_counts</highlight></codeline>
<codeline lineno="263"><highlight class="normal"></highlight></codeline>
<codeline lineno="264"><highlight class="normal"><sp/><sp/><sp/><sp/><sp/><sp/><sp/><sp/>self.current_obs<sp/>=<sp/>obs</highlight></codeline>
<codeline lineno="265"><highlight class="normal"></highlight></codeline>
<codeline lineno="266"><highlight class="normal"><sp/><sp/><sp/><sp/><sp/><sp/><sp/><sp/></highlight><highlight class="comment">#<sp/>times</highlight><highlight class="normal"></highlight></codeline>
<codeline lineno="267"><highlight class="normal"><sp/><sp/><sp/><sp/><sp/><sp/><sp/><sp/>reward<sp/>=<sp/>self.timestep</highlight></codeline>
<codeline lineno="268"><highlight class="normal"><sp/><sp/><sp/><sp/><sp/><sp/><sp/><sp/>self.current_time<sp/>=<sp/>self.current_time<sp/>+<sp/>self.timestep</highlight></codeline>
<codeline lineno="269"><highlight class="normal"><sp/><sp/><sp/><sp/><sp/><sp/><sp/><sp/></highlight></codeline>
<codeline lineno="270"><highlight class="normal"><sp/><sp/><sp/><sp/><sp/><sp/><sp/><sp/></highlight><highlight class="comment">#<sp/>update<sp/>data<sp/>member</highlight><highlight class="normal"></highlight></codeline>
<codeline lineno="271"><highlight class="normal"><sp/><sp/><sp/><sp/><sp/><sp/><sp/><sp/>self._update_state(obs)</highlight></codeline>
<codeline lineno="272"><highlight class="normal"></highlight></codeline>
<codeline lineno="273"><highlight class="normal"><sp/><sp/><sp/><sp/><sp/><sp/><sp/><sp/></highlight><highlight class="comment">#<sp/>check<sp/>done</highlight><highlight class="normal"></highlight></codeline>
<codeline lineno="274"><highlight class="normal"><sp/><sp/><sp/><sp/><sp/><sp/><sp/><sp/>done,<sp/>toggle_list<sp/>=<sp/>self._check_done()</highlight></codeline>
<codeline lineno="275"><highlight class="normal"><sp/><sp/><sp/><sp/><sp/><sp/><sp/><sp/>info<sp/>=<sp/>{</highlight><highlight class="stringliteral">&apos;checkpoint_done&apos;</highlight><highlight class="normal">:<sp/>toggle_list}</highlight></codeline>
<codeline lineno="276"><highlight class="normal"></highlight></codeline>
<codeline lineno="277"><highlight class="normal"><sp/><sp/><sp/><sp/><sp/><sp/><sp/><sp/></highlight><highlight class="keywordflow">return</highlight><highlight class="normal"><sp/>obs,<sp/>reward,<sp/>done,<sp/>info</highlight></codeline>
<codeline lineno="278"><highlight class="normal"></highlight></codeline>
<codeline lineno="279"><highlight class="normal"><sp/><sp/><sp/><sp/></highlight><highlight class="keyword">def<sp/></highlight><highlight class="normal"><ref refid="classf110__gym_1_1envs_1_1f110__env_1_1_f110_env_1ab213d62cea216bbd82d0f6d7061452fb" kindref="member">reset</ref>(self,<sp/>poses):</highlight></codeline>
<codeline lineno="280"><highlight class="normal"><sp/><sp/><sp/><sp/><sp/><sp/><sp/><sp/></highlight><highlight class="stringliteral">&quot;&quot;&quot;</highlight></codeline>
<codeline lineno="281"><highlight class="stringliteral"><sp/><sp/><sp/><sp/><sp/><sp/><sp/><sp/>Reset<sp/>the<sp/>gym<sp/>environment<sp/>by<sp/>given<sp/>poses</highlight></codeline>
<codeline lineno="282"><highlight class="stringliteral"></highlight></codeline>
<codeline lineno="283"><highlight class="stringliteral"><sp/><sp/><sp/><sp/><sp/><sp/><sp/><sp/>Args:</highlight></codeline>
<codeline lineno="284"><highlight class="stringliteral"><sp/><sp/><sp/><sp/><sp/><sp/><sp/><sp/><sp/><sp/><sp/><sp/>poses<sp/>(np.ndarray<sp/>(num_agents,<sp/>3)):<sp/>poses<sp/>to<sp/>reset<sp/>agents<sp/>to</highlight></codeline>
<codeline lineno="285"><highlight class="stringliteral"></highlight></codeline>
<codeline lineno="286"><highlight class="stringliteral"><sp/><sp/><sp/><sp/><sp/><sp/><sp/><sp/>Returns:</highlight></codeline>
<codeline lineno="287"><highlight class="stringliteral"><sp/><sp/><sp/><sp/><sp/><sp/><sp/><sp/><sp/><sp/><sp/><sp/>obs<sp/>(dict):<sp/>observation<sp/>of<sp/>the<sp/>current<sp/>step</highlight></codeline>
<codeline lineno="288"><highlight class="stringliteral"><sp/><sp/><sp/><sp/><sp/><sp/><sp/><sp/><sp/><sp/><sp/><sp/>reward<sp/>(float,<sp/>default=self.timestep):<sp/>step<sp/>reward,<sp/>currently<sp/>is<sp/>physics<sp/>timestep</highlight></codeline>
<codeline lineno="289"><highlight class="stringliteral"><sp/><sp/><sp/><sp/><sp/><sp/><sp/><sp/><sp/><sp/><sp/><sp/>done<sp/>(bool):<sp/>if<sp/>the<sp/>simulation<sp/>is<sp/>done</highlight></codeline>
<codeline lineno="290"><highlight class="stringliteral"><sp/><sp/><sp/><sp/><sp/><sp/><sp/><sp/><sp/><sp/><sp/><sp/>info<sp/>(dict):<sp/>auxillary<sp/>information<sp/>dictionary</highlight></codeline>
<codeline lineno="291"><highlight class="stringliteral"><sp/><sp/><sp/><sp/><sp/><sp/><sp/><sp/>&quot;&quot;&quot;</highlight><highlight class="normal"></highlight></codeline>
<codeline lineno="292"><highlight class="normal"><sp/><sp/><sp/><sp/><sp/><sp/><sp/><sp/></highlight><highlight class="comment">#<sp/>reset<sp/>counters<sp/>and<sp/>data<sp/>members</highlight><highlight class="normal"></highlight></codeline>
<codeline lineno="293"><highlight class="normal"><sp/><sp/><sp/><sp/><sp/><sp/><sp/><sp/>self.current_time<sp/>=<sp/>0.0</highlight></codeline>
<codeline lineno="294"><highlight class="normal"><sp/><sp/><sp/><sp/><sp/><sp/><sp/><sp/>self.collisions<sp/>=<sp/>np.zeros((self.num_agents,<sp/>))</highlight></codeline>
<codeline lineno="295"><highlight class="normal"><sp/><sp/><sp/><sp/><sp/><sp/><sp/><sp/>self.num_toggles<sp/>=<sp/>0</highlight></codeline>
<codeline lineno="296"><highlight class="normal"><sp/><sp/><sp/><sp/><sp/><sp/><sp/><sp/>self.near_start<sp/>=<sp/></highlight><highlight class="keyword">True</highlight><highlight class="normal"></highlight></codeline>
<codeline lineno="297"><highlight class="normal"><sp/><sp/><sp/><sp/><sp/><sp/><sp/><sp/>self.near_starts<sp/>=<sp/>np.array([</highlight><highlight class="keyword">True</highlight><highlight class="normal">]*self.num_agents)</highlight></codeline>
<codeline lineno="298"><highlight class="normal"><sp/><sp/><sp/><sp/><sp/><sp/><sp/><sp/>self.toggle_list<sp/>=<sp/>np.zeros((self.num_agents,))</highlight></codeline>
<codeline lineno="299"><highlight class="normal"></highlight></codeline>
<codeline lineno="300"><highlight class="normal"><sp/><sp/><sp/><sp/><sp/><sp/><sp/><sp/></highlight><highlight class="comment">#<sp/>states<sp/>after<sp/>reset</highlight><highlight class="normal"></highlight></codeline>
<codeline lineno="301"><highlight class="normal"><sp/><sp/><sp/><sp/><sp/><sp/><sp/><sp/>self.start_xs<sp/>=<sp/>poses[:,<sp/>0]</highlight></codeline>
<codeline lineno="302"><highlight class="normal"><sp/><sp/><sp/><sp/><sp/><sp/><sp/><sp/>self.start_ys<sp/>=<sp/>poses[:,<sp/>1]</highlight></codeline>
<codeline lineno="303"><highlight class="normal"><sp/><sp/><sp/><sp/><sp/><sp/><sp/><sp/>self.start_thetas<sp/>=<sp/>poses[:,<sp/>2]</highlight></codeline>
<codeline lineno="304"><highlight class="normal"><sp/><sp/><sp/><sp/><sp/><sp/><sp/><sp/>self.start_rot<sp/>=<sp/>np.array([[np.cos(-self.start_thetas[self.ego_idx]),<sp/>-np.sin(-self.start_thetas[self.ego_idx])],<sp/>[np.sin(-self.start_thetas[self.ego_idx]),<sp/>np.cos(-self.start_thetas[self.ego_idx])]])</highlight></codeline>
<codeline lineno="305"><highlight class="normal"></highlight></codeline>
<codeline lineno="306"><highlight class="normal"><sp/><sp/><sp/><sp/><sp/><sp/><sp/><sp/></highlight><highlight class="comment">#<sp/>call<sp/>reset<sp/>to<sp/>simulator</highlight><highlight class="normal"></highlight></codeline>
<codeline lineno="307"><highlight class="normal"><sp/><sp/><sp/><sp/><sp/><sp/><sp/><sp/>self.sim.<ref refid="classf110__gym_1_1envs_1_1f110__env_1_1_f110_env_1ab213d62cea216bbd82d0f6d7061452fb" kindref="member">reset</ref>(poses)</highlight></codeline>
<codeline lineno="308"><highlight class="normal"></highlight></codeline>
<codeline lineno="309"><highlight class="normal"><sp/><sp/><sp/><sp/><sp/><sp/><sp/><sp/></highlight><highlight class="comment">#<sp/>get<sp/>no<sp/>input<sp/>observations</highlight><highlight class="normal"></highlight></codeline>
<codeline lineno="310"><highlight class="normal"><sp/><sp/><sp/><sp/><sp/><sp/><sp/><sp/>action<sp/>=<sp/>np.zeros((self.num_agents,<sp/>2))</highlight></codeline>
<codeline lineno="311"><highlight class="normal"><sp/><sp/><sp/><sp/><sp/><sp/><sp/><sp/>obs,<sp/>reward,<sp/>done,<sp/>info<sp/>=<sp/>self.step(action)</highlight></codeline>
<codeline lineno="312"><highlight class="normal"><sp/><sp/><sp/><sp/><sp/><sp/><sp/><sp/></highlight><highlight class="keywordflow">return</highlight><highlight class="normal"><sp/>obs,<sp/>reward,<sp/>done,<sp/>info</highlight></codeline>
<codeline lineno="313"><highlight class="normal"></highlight></codeline>
<codeline lineno="314"><highlight class="normal"><sp/><sp/><sp/><sp/></highlight><highlight class="keyword">def<sp/></highlight><highlight class="normal"><ref refid="classf110__gym_1_1envs_1_1f110__env_1_1_f110_env_1afc210c3941c1548692c75c961ad443df" kindref="member">update_map</ref>(self,<sp/>map_path,<sp/>map_ext):</highlight></codeline>
<codeline lineno="315"><highlight class="normal"><sp/><sp/><sp/><sp/><sp/><sp/><sp/><sp/></highlight><highlight class="stringliteral">&quot;&quot;&quot;</highlight></codeline>
<codeline lineno="316"><highlight class="stringliteral"><sp/><sp/><sp/><sp/><sp/><sp/><sp/><sp/>Updates<sp/>the<sp/>map<sp/>used<sp/>by<sp/>simulation</highlight></codeline>
<codeline lineno="317"><highlight class="stringliteral"></highlight></codeline>
<codeline lineno="318"><highlight class="stringliteral"><sp/><sp/><sp/><sp/><sp/><sp/><sp/><sp/>Args:</highlight></codeline>
<codeline lineno="319"><highlight class="stringliteral"><sp/><sp/><sp/><sp/><sp/><sp/><sp/><sp/><sp/><sp/><sp/><sp/>map_path<sp/>(str):<sp/>absolute<sp/>path<sp/>to<sp/>the<sp/>map<sp/>yaml<sp/>file</highlight></codeline>
<codeline lineno="320"><highlight class="stringliteral"><sp/><sp/><sp/><sp/><sp/><sp/><sp/><sp/><sp/><sp/><sp/><sp/>map_ext<sp/>(str):<sp/>extension<sp/>of<sp/>the<sp/>map<sp/>image<sp/>file</highlight></codeline>
<codeline lineno="321"><highlight class="stringliteral"></highlight></codeline>
<codeline lineno="322"><highlight class="stringliteral"><sp/><sp/><sp/><sp/><sp/><sp/><sp/><sp/>Returns:</highlight></codeline>
<codeline lineno="323"><highlight class="stringliteral"><sp/><sp/><sp/><sp/><sp/><sp/><sp/><sp/><sp/><sp/><sp/><sp/>None</highlight></codeline>
<codeline lineno="324"><highlight class="stringliteral"><sp/><sp/><sp/><sp/><sp/><sp/><sp/><sp/>&quot;&quot;&quot;</highlight><highlight class="normal"></highlight></codeline>
<codeline lineno="325"><highlight class="normal"><sp/><sp/><sp/><sp/><sp/><sp/><sp/><sp/>self.sim.set_map(map_path,<sp/>map_ext)</highlight></codeline>
<codeline lineno="326"><highlight class="normal"></highlight></codeline>
<codeline lineno="327"><highlight class="normal"><sp/><sp/><sp/><sp/></highlight><highlight class="keyword">def<sp/></highlight><highlight class="normal"><ref refid="classf110__gym_1_1envs_1_1f110__env_1_1_f110_env_1a79d419bbf2ff0e377d808e4a8f41cc81" kindref="member">update_params</ref>(self,<sp/>params,<sp/>index=-1):</highlight></codeline>
<codeline lineno="328"><highlight class="normal"><sp/><sp/><sp/><sp/><sp/><sp/><sp/><sp/></highlight><highlight class="stringliteral">&quot;&quot;&quot;</highlight></codeline>
<codeline lineno="329"><highlight class="stringliteral"><sp/><sp/><sp/><sp/><sp/><sp/><sp/><sp/>Updates<sp/>the<sp/>parameters<sp/>used<sp/>by<sp/>simulation<sp/>for<sp/>vehicles</highlight></codeline>
<codeline lineno="330"><highlight class="stringliteral"><sp/><sp/><sp/><sp/><sp/><sp/><sp/><sp/></highlight></codeline>
<codeline lineno="331"><highlight class="stringliteral"><sp/><sp/><sp/><sp/><sp/><sp/><sp/><sp/>Args:</highlight></codeline>
<codeline lineno="332"><highlight class="stringliteral"><sp/><sp/><sp/><sp/><sp/><sp/><sp/><sp/><sp/><sp/><sp/><sp/>params<sp/>(dict):<sp/>dictionary<sp/>of<sp/>parameters</highlight></codeline>
<codeline lineno="333"><highlight class="stringliteral"><sp/><sp/><sp/><sp/><sp/><sp/><sp/><sp/><sp/><sp/><sp/><sp/>index<sp/>(int,<sp/>default=-1):<sp/>if<sp/>&gt;=<sp/>0<sp/>then<sp/>only<sp/>update<sp/>a<sp/>specific<sp/>agent&apos;s<sp/>params</highlight></codeline>
<codeline lineno="334"><highlight class="stringliteral"></highlight></codeline>
<codeline lineno="335"><highlight class="stringliteral"><sp/><sp/><sp/><sp/><sp/><sp/><sp/><sp/>Returns:</highlight></codeline>
<codeline lineno="336"><highlight class="stringliteral"><sp/><sp/><sp/><sp/><sp/><sp/><sp/><sp/><sp/><sp/><sp/><sp/>None</highlight></codeline>
<codeline lineno="337"><highlight class="stringliteral"><sp/><sp/><sp/><sp/><sp/><sp/><sp/><sp/>&quot;&quot;&quot;</highlight><highlight class="normal"></highlight></codeline>
<codeline lineno="338"><highlight class="normal"><sp/><sp/><sp/><sp/><sp/><sp/><sp/><sp/>self.sim.<ref refid="classf110__gym_1_1envs_1_1f110__env_1_1_f110_env_1a79d419bbf2ff0e377d808e4a8f41cc81" kindref="member">update_params</ref>(params,<sp/>agent_idx=index)</highlight></codeline>
<codeline lineno="339"><highlight class="normal"></highlight></codeline>
<codeline lineno="340"><highlight class="normal"><sp/><sp/><sp/><sp/></highlight><highlight class="keyword">def<sp/></highlight><highlight class="normal"><ref refid="classf110__gym_1_1envs_1_1f110__env_1_1_f110_env_1ab8e76450e63ef88c1ac9721f717fa375" kindref="member">render</ref>(self,<sp/>mode=&apos;human&apos;):</highlight></codeline>
<codeline lineno="341"><highlight class="normal"><sp/><sp/><sp/><sp/><sp/><sp/><sp/><sp/></highlight><highlight class="stringliteral">&quot;&quot;&quot;</highlight></codeline>
<codeline lineno="342"><highlight class="stringliteral"><sp/><sp/><sp/><sp/><sp/><sp/><sp/><sp/>Renders<sp/>the<sp/>environment<sp/>with<sp/>pyglet.<sp/>Use<sp/>mouse<sp/>scroll<sp/>in<sp/>the<sp/>window<sp/>to<sp/>zoom<sp/>in/out,<sp/>use<sp/>mouse<sp/>click<sp/>drag<sp/>to<sp/>pan.<sp/>Shows<sp/>the<sp/>agents,<sp/>the<sp/>map,<sp/>current<sp/>fps<sp/>(bottom<sp/>left<sp/>corner),<sp/>and<sp/>the<sp/>race<sp/>information<sp/>near<sp/>as<sp/>text.</highlight></codeline>
<codeline lineno="343"><highlight class="stringliteral"></highlight></codeline>
<codeline lineno="344"><highlight class="stringliteral"><sp/><sp/><sp/><sp/><sp/><sp/><sp/><sp/>Args:</highlight></codeline>
<codeline lineno="345"><highlight class="stringliteral"><sp/><sp/><sp/><sp/><sp/><sp/><sp/><sp/><sp/><sp/><sp/><sp/>mode<sp/>(str,<sp/>default=&apos;human&apos;):<sp/>rendering<sp/>mode,<sp/>currently<sp/>supports:</highlight></codeline>
<codeline lineno="346"><highlight class="stringliteral"><sp/><sp/><sp/><sp/><sp/><sp/><sp/><sp/><sp/><sp/><sp/><sp/><sp/><sp/><sp/><sp/>&apos;human&apos;:<sp/>slowed<sp/>down<sp/>rendering<sp/>such<sp/>that<sp/>the<sp/>env<sp/>is<sp/>rendered<sp/>in<sp/>a<sp/>way<sp/>that<sp/>sim<sp/>time<sp/>elapsed<sp/>is<sp/>close<sp/>to<sp/>real<sp/>time<sp/>elapsed</highlight></codeline>
<codeline lineno="347"><highlight class="stringliteral"><sp/><sp/><sp/><sp/><sp/><sp/><sp/><sp/><sp/><sp/><sp/><sp/><sp/><sp/><sp/><sp/>&apos;human_fast&apos;:<sp/>render<sp/>as<sp/>fast<sp/>as<sp/>possible</highlight></codeline>
<codeline lineno="348"><highlight class="stringliteral"></highlight></codeline>
<codeline lineno="349"><highlight class="stringliteral"><sp/><sp/><sp/><sp/><sp/><sp/><sp/><sp/>Returns:</highlight></codeline>
<codeline lineno="350"><highlight class="stringliteral"><sp/><sp/><sp/><sp/><sp/><sp/><sp/><sp/><sp/><sp/><sp/><sp/>None</highlight></codeline>
<codeline lineno="351"><highlight class="stringliteral"><sp/><sp/><sp/><sp/><sp/><sp/><sp/><sp/>&quot;&quot;&quot;</highlight><highlight class="normal"></highlight></codeline>
<codeline lineno="352"><highlight class="normal"><sp/><sp/><sp/><sp/><sp/><sp/><sp/><sp/></highlight><highlight class="keyword">assert</highlight><highlight class="normal"><sp/>mode<sp/></highlight><highlight class="keywordflow">in</highlight><highlight class="normal"><sp/>[</highlight><highlight class="stringliteral">&apos;human&apos;</highlight><highlight class="normal">,<sp/></highlight><highlight class="stringliteral">&apos;human_fast&apos;</highlight><highlight class="normal">]</highlight></codeline>
<codeline lineno="353"><highlight class="normal"><sp/><sp/><sp/><sp/><sp/><sp/><sp/><sp/></highlight><highlight class="keywordflow">if</highlight><highlight class="normal"><sp/>self.renderer<sp/></highlight><highlight class="keywordflow">is</highlight><highlight class="normal"><sp/></highlight><highlight class="keywordtype">None</highlight><highlight class="normal">:</highlight></codeline>
<codeline lineno="354"><highlight class="normal"><sp/><sp/><sp/><sp/><sp/><sp/><sp/><sp/><sp/><sp/><sp/><sp/></highlight><highlight class="comment">#<sp/>first<sp/>call,<sp/>initialize<sp/>everything</highlight><highlight class="normal"></highlight></codeline>
<codeline lineno="355"><highlight class="normal"><sp/><sp/><sp/><sp/><sp/><sp/><sp/><sp/><sp/><sp/><sp/><sp/></highlight><highlight class="keyword">from</highlight><highlight class="normal"><sp/><ref refid="namespacef110__gym_1_1envs_1_1rendering" kindref="compound">f110_gym.envs.rendering</ref><sp/></highlight><highlight class="keyword">import</highlight><highlight class="normal"><sp/>EnvRenderer</highlight></codeline>
<codeline lineno="356"><highlight class="normal"><sp/><sp/><sp/><sp/><sp/><sp/><sp/><sp/><sp/><sp/><sp/><sp/>self.renderer<sp/>=<sp/>EnvRenderer(WINDOW_W,<sp/>WINDOW_H)</highlight></codeline>
<codeline lineno="357"><highlight class="normal"><sp/><sp/><sp/><sp/><sp/><sp/><sp/><sp/><sp/><sp/><sp/><sp/>self.renderer.<ref refid="classf110__gym_1_1envs_1_1f110__env_1_1_f110_env_1afc210c3941c1548692c75c961ad443df" kindref="member">update_map</ref>(self.map_name,<sp/>self.map_ext)</highlight></codeline>
<codeline lineno="358"><highlight class="normal"><sp/><sp/><sp/><sp/><sp/><sp/><sp/><sp/>self.renderer.update_obs(self.current_obs)</highlight></codeline>
<codeline lineno="359"><highlight class="normal"><sp/><sp/><sp/><sp/><sp/><sp/><sp/><sp/>self.renderer.dispatch_events()</highlight></codeline>
<codeline lineno="360"><highlight class="normal"><sp/><sp/><sp/><sp/><sp/><sp/><sp/><sp/>self.renderer.on_draw()</highlight></codeline>
<codeline lineno="361"><highlight class="normal"><sp/><sp/><sp/><sp/><sp/><sp/><sp/><sp/>self.renderer.flip()</highlight></codeline>
<codeline lineno="362"><highlight class="normal"><sp/><sp/><sp/><sp/><sp/><sp/><sp/><sp/></highlight><highlight class="keywordflow">if</highlight><highlight class="normal"><sp/>mode<sp/>==<sp/></highlight><highlight class="stringliteral">&apos;human&apos;</highlight><highlight class="normal">:</highlight></codeline>
<codeline lineno="363"><highlight class="normal"><sp/><sp/><sp/><sp/><sp/><sp/><sp/><sp/><sp/><sp/><sp/><sp/>time.sleep(0.005)</highlight></codeline>
<codeline lineno="364"><highlight class="normal"><sp/><sp/><sp/><sp/><sp/><sp/><sp/><sp/></highlight><highlight class="keywordflow">elif</highlight><highlight class="normal"><sp/>mode<sp/>==<sp/></highlight><highlight class="stringliteral">&apos;human_fast&apos;</highlight><highlight class="normal">:</highlight></codeline>
<codeline lineno="365"><highlight class="normal"><sp/><sp/><sp/><sp/><sp/><sp/><sp/><sp/><sp/><sp/><sp/><sp/></highlight><highlight class="keywordflow">pass</highlight></codeline>
    </programlisting>
    <location file="/home/billyzheng/f1tenth_gym/gym/f110_gym/envs/f110_env.py"/>
  </compounddef>
</doxygen>
