<?xml version='1.0' encoding='UTF-8' standalone='no'?>
<doxygen xmlns:xsi="http://www.w3.org/2001/XMLSchema-instance" xsi:noNamespaceSchemaLocation="compound.xsd" version="1.8.17">
  <compounddef id="namespacef110__gym_1_1unittest" kind="namespace" language="Python">
    <compoundname>f110_gym::unittest</compoundname>
    <innernamespace refid="namespacef110__gym_1_1unittest_1_1collision__checks">f110_gym::unittest::collision_checks</innernamespace>
    <innernamespace refid="namespacef110__gym_1_1unittest_1_1dynamics__test">f110_gym::unittest::dynamics_test</innernamespace>
    <innernamespace refid="namespacef110__gym_1_1unittest_1_1legacy__scan__gen">f110_gym::unittest::legacy_scan_gen</innernamespace>
    <innernamespace refid="namespacef110__gym_1_1unittest_1_1pyglet__test">f110_gym::unittest::pyglet_test</innernamespace>
    <innernamespace refid="namespacef110__gym_1_1unittest_1_1pyglet__test__camera">f110_gym::unittest::pyglet_test_camera</innernamespace>
    <innernamespace refid="namespacef110__gym_1_1unittest_1_1random__trackgen">f110_gym::unittest::random_trackgen</innernamespace>
    <innernamespace refid="namespacef110__gym_1_1unittest_1_1scan__sim">f110_gym::unittest::scan_sim</innernamespace>
    <briefdescription>
    </briefdescription>
    <detaileddescription>
    </detaileddescription>
    <location file="/home/billyzheng/f1tenth_gym/gym/f110_gym/unittest/__init__.py" line="1" column="1"/>
  </compounddef>
</doxygen>
