<?xml version='1.0' encoding='UTF-8' standalone='no'?>
<doxygen xmlns:xsi="http://www.w3.org/2001/XMLSchema-instance" xsi:noNamespaceSchemaLocation="compound.xsd" version="1.8.17">
  <compounddef id="namespacef110__gym_1_1unittest_1_1legacy__scan__gen" kind="namespace" language="Python">
    <compoundname>f110_gym::unittest::legacy_scan_gen</compoundname>
      <sectiondef kind="var">
      <memberdef kind="variable" id="legacy__scan__gen_8py_1a3acf2d94fb6d1955f85ef97490d79597" prot="public" static="no" mutable="no">
        <type></type>
        <definition>f110_gym::unittest::legacy_scan_gen.thetas</definition>
        <argsstring></argsstring>
        <name>thetas</name>
        <initializer>=  np.linspace(-2.35, 2.35, num=1080)</initializer>
        <briefdescription>
        </briefdescription>
        <detaileddescription>
        </detaileddescription>
        <inbodydescription>
        </inbodydescription>
        <location file="/home/billyzheng/f1tenth_gym/gym/f110_gym/unittest/legacy_scan_gen.py" line="42" column="1" bodyfile="/home/billyzheng/f1tenth_gym/gym/f110_gym/unittest/legacy_scan_gen.py" bodystart="42" bodyend="-1"/>
      </memberdef>
      <memberdef kind="variable" id="legacy__scan__gen_8py_1a3c16a5361e5e50935df3d60cc43be9d8" prot="public" static="no" mutable="no">
        <type>string</type>
        <definition>f110_gym::unittest::legacy_scan_gen.executable_dir</definition>
        <argsstring></argsstring>
        <name>executable_dir</name>
        <initializer>=  &apos;../../../build/&apos;</initializer>
        <briefdescription>
        </briefdescription>
        <detaileddescription>
        </detaileddescription>
        <inbodydescription>
        </inbodydescription>
        <location file="/home/billyzheng/f1tenth_gym/gym/f110_gym/unittest/legacy_scan_gen.py" line="45" column="1" bodyfile="/home/billyzheng/f1tenth_gym/gym/f110_gym/unittest/legacy_scan_gen.py" bodystart="45" bodyend="-1"/>
      </memberdef>
      <memberdef kind="variable" id="legacy__scan__gen_8py_1ad230fce994060d2760dbaa3011046d99" prot="public" static="no" mutable="no">
        <type>float</type>
        <definition>f110_gym::unittest::legacy_scan_gen.mass</definition>
        <argsstring></argsstring>
        <name>mass</name>
        <initializer>=  3.74</initializer>
        <briefdescription>
        </briefdescription>
        <detaileddescription>
        </detaileddescription>
        <inbodydescription>
        </inbodydescription>
        <location file="/home/billyzheng/f1tenth_gym/gym/f110_gym/unittest/legacy_scan_gen.py" line="46" column="1" bodyfile="/home/billyzheng/f1tenth_gym/gym/f110_gym/unittest/legacy_scan_gen.py" bodystart="46" bodyend="-1"/>
      </memberdef>
      <memberdef kind="variable" id="legacy__scan__gen_8py_1a9b23723bde43aa19f3103b670e48a274" prot="public" static="no" mutable="no">
        <type>float</type>
        <definition>f110_gym::unittest::legacy_scan_gen.l_r</definition>
        <argsstring></argsstring>
        <name>l_r</name>
        <initializer>=  0.17145</initializer>
        <briefdescription>
        </briefdescription>
        <detaileddescription>
        </detaileddescription>
        <inbodydescription>
        </inbodydescription>
        <location file="/home/billyzheng/f1tenth_gym/gym/f110_gym/unittest/legacy_scan_gen.py" line="47" column="1" bodyfile="/home/billyzheng/f1tenth_gym/gym/f110_gym/unittest/legacy_scan_gen.py" bodystart="47" bodyend="-1"/>
      </memberdef>
      <memberdef kind="variable" id="legacy__scan__gen_8py_1aec6027e075b6c232872ecdeb9557901f" prot="public" static="no" mutable="no">
        <type>float</type>
        <definition>f110_gym::unittest::legacy_scan_gen.I_z</definition>
        <argsstring></argsstring>
        <name>I_z</name>
        <initializer>=  0.04712</initializer>
        <briefdescription>
        </briefdescription>
        <detaileddescription>
        </detaileddescription>
        <inbodydescription>
        </inbodydescription>
        <location file="/home/billyzheng/f1tenth_gym/gym/f110_gym/unittest/legacy_scan_gen.py" line="48" column="1" bodyfile="/home/billyzheng/f1tenth_gym/gym/f110_gym/unittest/legacy_scan_gen.py" bodystart="48" bodyend="-1"/>
      </memberdef>
      <memberdef kind="variable" id="legacy__scan__gen_8py_1a4b8eae395b3ba7745b4707730a4e0342" prot="public" static="no" mutable="no">
        <type>float</type>
        <definition>f110_gym::unittest::legacy_scan_gen.mu</definition>
        <argsstring></argsstring>
        <name>mu</name>
        <initializer>=  0.523</initializer>
        <briefdescription>
        </briefdescription>
        <detaileddescription>
        </detaileddescription>
        <inbodydescription>
        </inbodydescription>
        <location file="/home/billyzheng/f1tenth_gym/gym/f110_gym/unittest/legacy_scan_gen.py" line="49" column="1" bodyfile="/home/billyzheng/f1tenth_gym/gym/f110_gym/unittest/legacy_scan_gen.py" bodystart="49" bodyend="-1"/>
      </memberdef>
      <memberdef kind="variable" id="legacy__scan__gen_8py_1a4a2f09273283a00dd9f0e2a0202819d8" prot="public" static="no" mutable="no">
        <type>float</type>
        <definition>f110_gym::unittest::legacy_scan_gen.h_cg</definition>
        <argsstring></argsstring>
        <name>h_cg</name>
        <initializer>=  0.074</initializer>
        <briefdescription>
        </briefdescription>
        <detaileddescription>
        </detaileddescription>
        <inbodydescription>
        </inbodydescription>
        <location file="/home/billyzheng/f1tenth_gym/gym/f110_gym/unittest/legacy_scan_gen.py" line="50" column="1" bodyfile="/home/billyzheng/f1tenth_gym/gym/f110_gym/unittest/legacy_scan_gen.py" bodystart="50" bodyend="-1"/>
      </memberdef>
      <memberdef kind="variable" id="legacy__scan__gen_8py_1a3ecbcf35be2c3b1c5de27a80a75fd6b6" prot="public" static="no" mutable="no">
        <type>float</type>
        <definition>f110_gym::unittest::legacy_scan_gen.cs_f</definition>
        <argsstring></argsstring>
        <name>cs_f</name>
        <initializer>=  4.718</initializer>
        <briefdescription>
        </briefdescription>
        <detaileddescription>
        </detaileddescription>
        <inbodydescription>
        </inbodydescription>
        <location file="/home/billyzheng/f1tenth_gym/gym/f110_gym/unittest/legacy_scan_gen.py" line="51" column="1" bodyfile="/home/billyzheng/f1tenth_gym/gym/f110_gym/unittest/legacy_scan_gen.py" bodystart="51" bodyend="-1"/>
      </memberdef>
      <memberdef kind="variable" id="legacy__scan__gen_8py_1a187af2aab0e56a6814c20dc624e44066" prot="public" static="no" mutable="no">
        <type>float</type>
        <definition>f110_gym::unittest::legacy_scan_gen.cs_r</definition>
        <argsstring></argsstring>
        <name>cs_r</name>
        <initializer>=  5.4562</initializer>
        <briefdescription>
        </briefdescription>
        <detaileddescription>
        </detaileddescription>
        <inbodydescription>
        </inbodydescription>
        <location file="/home/billyzheng/f1tenth_gym/gym/f110_gym/unittest/legacy_scan_gen.py" line="52" column="1" bodyfile="/home/billyzheng/f1tenth_gym/gym/f110_gym/unittest/legacy_scan_gen.py" bodystart="52" bodyend="-1"/>
      </memberdef>
      <memberdef kind="variable" id="legacy__scan__gen_8py_1a5dc0c5eb3920673ad54793bf5a242c7f" prot="public" static="no" mutable="no">
        <type>int</type>
        <definition>int f110_gym::unittest::legacy_scan_gen.num_test</definition>
        <argsstring></argsstring>
        <name>num_test</name>
        <initializer>=  10</initializer>
        <briefdescription>
        </briefdescription>
        <detaileddescription>
        </detaileddescription>
        <inbodydescription>
        </inbodydescription>
        <location file="/home/billyzheng/f1tenth_gym/gym/f110_gym/unittest/legacy_scan_gen.py" line="55" column="1" bodyfile="/home/billyzheng/f1tenth_gym/gym/f110_gym/unittest/legacy_scan_gen.py" bodystart="55" bodyend="-1"/>
      </memberdef>
      <memberdef kind="variable" id="legacy__scan__gen_8py_1a16cb81b5670b7cb02da350ca06e782e0" prot="public" static="no" mutable="no">
        <type></type>
        <definition>f110_gym::unittest::legacy_scan_gen.test_poses</definition>
        <argsstring></argsstring>
        <name>test_poses</name>
        <initializer>=  np.zeros((num_test, 3))</initializer>
        <briefdescription>
        </briefdescription>
        <detaileddescription>
        </detaileddescription>
        <inbodydescription>
        </inbodydescription>
        <location file="/home/billyzheng/f1tenth_gym/gym/f110_gym/unittest/legacy_scan_gen.py" line="56" column="1" bodyfile="/home/billyzheng/f1tenth_gym/gym/f110_gym/unittest/legacy_scan_gen.py" bodystart="56" bodyend="-1"/>
      </memberdef>
      <memberdef kind="variable" id="legacy__scan__gen_8py_1a13cfce268a3d58a9bb340c49e52c7358" prot="public" static="no" mutable="no">
        <type></type>
        <definition>f110_gym::unittest::legacy_scan_gen.num</definition>
        <argsstring></argsstring>
        <name>num</name>
        <briefdescription>
        </briefdescription>
        <detaileddescription>
        </detaileddescription>
        <inbodydescription>
        </inbodydescription>
        <location file="/home/billyzheng/f1tenth_gym/gym/f110_gym/unittest/legacy_scan_gen.py" line="57" column="1" bodyfile="/home/billyzheng/f1tenth_gym/gym/f110_gym/unittest/legacy_scan_gen.py" bodystart="57" bodyend="-1"/>
      </memberdef>
      <memberdef kind="variable" id="legacy__scan__gen_8py_1a9b44a820cb923dd21ad53ca3ce1a1a3e" prot="public" static="no" mutable="no">
        <type>string</type>
        <definition>string f110_gym::unittest::legacy_scan_gen::map_path</definition>
        <argsstring></argsstring>
        <name>map_path</name>
        <initializer>=  &apos;../../../maps/vegas.yaml&apos;</initializer>
        <briefdescription>
        </briefdescription>
        <detaileddescription>
        </detaileddescription>
        <inbodydescription>
        </inbodydescription>
        <location file="/home/billyzheng/f1tenth_gym/gym/f110_gym/unittest/legacy_scan_gen.py" line="60" column="1" bodyfile="/home/billyzheng/f1tenth_gym/gym/f110_gym/unittest/legacy_scan_gen.py" bodystart="60" bodyend="-1"/>
      </memberdef>
      <memberdef kind="variable" id="legacy__scan__gen_8py_1a104eddedf6dffa3cfbb48fd10a54fbaa" prot="public" static="no" mutable="no">
        <type>string</type>
        <definition>string f110_gym::unittest::legacy_scan_gen::map_ext</definition>
        <argsstring></argsstring>
        <name>map_ext</name>
        <initializer>=  &apos;.png&apos;</initializer>
        <briefdescription>
        </briefdescription>
        <detaileddescription>
        </detaileddescription>
        <inbodydescription>
        </inbodydescription>
        <location file="/home/billyzheng/f1tenth_gym/gym/f110_gym/unittest/legacy_scan_gen.py" line="61" column="1" bodyfile="/home/billyzheng/f1tenth_gym/gym/f110_gym/unittest/legacy_scan_gen.py" bodystart="61" bodyend="-1"/>
      </memberdef>
      <memberdef kind="variable" id="legacy__scan__gen_8py_1a61f0e3e1d2267e520e06606e1face7b1" prot="public" static="no" mutable="no">
        <type></type>
        <definition>f110_gym::unittest::legacy_scan_gen.racecar_env</definition>
        <argsstring></argsstring>
        <name>racecar_env</name>
        <initializer>=  gym.make(&apos;f110_gym:f110-v0&apos;)</initializer>
        <briefdescription>
        </briefdescription>
        <detaileddescription>
        </detaileddescription>
        <inbodydescription>
        </inbodydescription>
        <location file="/home/billyzheng/f1tenth_gym/gym/f110_gym/unittest/legacy_scan_gen.py" line="62" column="1" bodyfile="/home/billyzheng/f1tenth_gym/gym/f110_gym/unittest/legacy_scan_gen.py" bodystart="62" bodyend="-1"/>
      </memberdef>
      <memberdef kind="variable" id="legacy__scan__gen_8py_1adb3290404d3f4b8b78c064260da612b4" prot="public" static="no" mutable="no">
        <type></type>
        <definition>f110_gym::unittest::legacy_scan_gen.double_finish</definition>
        <argsstring></argsstring>
        <name>double_finish</name>
        <briefdescription>
        </briefdescription>
        <detaileddescription>
        </detaileddescription>
        <inbodydescription>
        </inbodydescription>
        <location file="/home/billyzheng/f1tenth_gym/gym/f110_gym/unittest/legacy_scan_gen.py" line="64" column="1" bodyfile="/home/billyzheng/f1tenth_gym/gym/f110_gym/unittest/legacy_scan_gen.py" bodystart="64" bodyend="-1"/>
      </memberdef>
      <memberdef kind="variable" id="legacy__scan__gen_8py_1af8a3966f4a9b1c148801c9f0faeb2ab9" prot="public" static="no" mutable="no">
        <type></type>
        <definition>f110_gym::unittest::legacy_scan_gen.vegas_scan</definition>
        <argsstring></argsstring>
        <name>vegas_scan</name>
        <initializer>=  np.empty((num_test, 1080))</initializer>
        <briefdescription>
        </briefdescription>
        <detaileddescription>
        </detaileddescription>
        <inbodydescription>
        </inbodydescription>
        <location file="/home/billyzheng/f1tenth_gym/gym/f110_gym/unittest/legacy_scan_gen.py" line="65" column="1" bodyfile="/home/billyzheng/f1tenth_gym/gym/f110_gym/unittest/legacy_scan_gen.py" bodystart="65" bodyend="-1"/>
      </memberdef>
      <memberdef kind="variable" id="legacy__scan__gen_8py_1ae0259831a38cf476e0dd42babc9961bf" prot="public" static="no" mutable="no">
        <type>list</type>
        <definition>list f110_gym::unittest::legacy_scan_gen::x</definition>
        <argsstring></argsstring>
        <name>x</name>
        <initializer>=  [test_poses[i, 0], 200.]</initializer>
        <briefdescription>
        </briefdescription>
        <detaileddescription>
        </detaileddescription>
        <inbodydescription>
        </inbodydescription>
        <location file="/home/billyzheng/f1tenth_gym/gym/f110_gym/unittest/legacy_scan_gen.py" line="67" column="1" bodyfile="/home/billyzheng/f1tenth_gym/gym/f110_gym/unittest/legacy_scan_gen.py" bodystart="67" bodyend="-1"/>
      </memberdef>
      <memberdef kind="variable" id="legacy__scan__gen_8py_1a2b203158766bea1a4c5f63348e259b68" prot="public" static="no" mutable="no">
        <type>list</type>
        <definition>list f110_gym::unittest::legacy_scan_gen::y</definition>
        <argsstring></argsstring>
        <name>y</name>
        <initializer>=  [test_poses[i, 1], 200.]</initializer>
        <briefdescription>
        </briefdescription>
        <detaileddescription>
        </detaileddescription>
        <inbodydescription>
        </inbodydescription>
        <location file="/home/billyzheng/f1tenth_gym/gym/f110_gym/unittest/legacy_scan_gen.py" line="68" column="1" bodyfile="/home/billyzheng/f1tenth_gym/gym/f110_gym/unittest/legacy_scan_gen.py" bodystart="68" bodyend="-1"/>
      </memberdef>
      <memberdef kind="variable" id="legacy__scan__gen_8py_1a04710a5417dc947ecea68c85b283ae50" prot="public" static="no" mutable="no">
        <type>list</type>
        <definition>list f110_gym::unittest::legacy_scan_gen::theta</definition>
        <argsstring></argsstring>
        <name>theta</name>
        <initializer>=  [test_poses[i, 2], 0.]</initializer>
        <briefdescription>
        </briefdescription>
        <detaileddescription>
        </detaileddescription>
        <inbodydescription>
        </inbodydescription>
        <location file="/home/billyzheng/f1tenth_gym/gym/f110_gym/unittest/legacy_scan_gen.py" line="69" column="1" bodyfile="/home/billyzheng/f1tenth_gym/gym/f110_gym/unittest/legacy_scan_gen.py" bodystart="69" bodyend="-1"/>
      </memberdef>
      <memberdef kind="variable" id="legacy__scan__gen_8py_1aa1acb0415bfee00854f8be477f4e7f44" prot="public" static="no" mutable="no">
        <type></type>
        <definition>f110_gym::unittest::legacy_scan_gen.obs</definition>
        <argsstring></argsstring>
        <name>obs</name>
        <briefdescription>
        </briefdescription>
        <detaileddescription>
        </detaileddescription>
        <inbodydescription>
        </inbodydescription>
        <location file="/home/billyzheng/f1tenth_gym/gym/f110_gym/unittest/legacy_scan_gen.py" line="70" column="1" bodyfile="/home/billyzheng/f1tenth_gym/gym/f110_gym/unittest/legacy_scan_gen.py" bodystart="70" bodyend="-1"/>
      </memberdef>
      <memberdef kind="variable" id="legacy__scan__gen_8py_1a9520e850caa600c8d5083e90ac4fe127" prot="private" static="no" mutable="no">
        <type></type>
        <definition>f110_gym::unittest::legacy_scan_gen._</definition>
        <argsstring></argsstring>
        <name>_</name>
        <briefdescription>
        </briefdescription>
        <detaileddescription>
        </detaileddescription>
        <inbodydescription>
        </inbodydescription>
        <location file="/home/billyzheng/f1tenth_gym/gym/f110_gym/unittest/legacy_scan_gen.py" line="70" column="1" bodyfile="/home/billyzheng/f1tenth_gym/gym/f110_gym/unittest/legacy_scan_gen.py" bodystart="70" bodyend="-1"/>
      </memberdef>
      <memberdef kind="variable" id="legacy__scan__gen_8py_1ac94bf3002239f74774b33264d13e088d" prot="public" static="no" mutable="no">
        <type></type>
        <definition>f110_gym::unittest::legacy_scan_gen.berlin_scan</definition>
        <argsstring></argsstring>
        <name>berlin_scan</name>
        <initializer>=  np.empty((num_test, 1080))</initializer>
        <briefdescription>
        </briefdescription>
        <detaileddescription>
        </detaileddescription>
        <inbodydescription>
        </inbodydescription>
        <location file="/home/billyzheng/f1tenth_gym/gym/f110_gym/unittest/legacy_scan_gen.py" line="79" column="1" bodyfile="/home/billyzheng/f1tenth_gym/gym/f110_gym/unittest/legacy_scan_gen.py" bodystart="79" bodyend="-1"/>
      </memberdef>
      <memberdef kind="variable" id="legacy__scan__gen_8py_1a7569d745c961e7f9967aad0c5d6f2672" prot="public" static="no" mutable="no">
        <type></type>
        <definition>f110_gym::unittest::legacy_scan_gen.skirk_scan</definition>
        <argsstring></argsstring>
        <name>skirk_scan</name>
        <initializer>=  np.empty((num_test, 1080))</initializer>
        <briefdescription>
        </briefdescription>
        <detaileddescription>
        </detaileddescription>
        <inbodydescription>
        </inbodydescription>
        <location file="/home/billyzheng/f1tenth_gym/gym/f110_gym/unittest/legacy_scan_gen.py" line="93" column="1" bodyfile="/home/billyzheng/f1tenth_gym/gym/f110_gym/unittest/legacy_scan_gen.py" bodystart="93" bodyend="-1"/>
      </memberdef>
      <memberdef kind="variable" id="legacy__scan__gen_8py_1a8385064c1f35018e19bd2c8fe359cc3c" prot="public" static="no" mutable="no">
        <type></type>
        <definition>f110_gym::unittest::legacy_scan_gen.vegas</definition>
        <argsstring></argsstring>
        <name>vegas</name>
        <briefdescription>
        </briefdescription>
        <detaileddescription>
        </detaileddescription>
        <inbodydescription>
        </inbodydescription>
        <location file="/home/billyzheng/f1tenth_gym/gym/f110_gym/unittest/legacy_scan_gen.py" line="102" column="1" bodyfile="/home/billyzheng/f1tenth_gym/gym/f110_gym/unittest/legacy_scan_gen.py" bodystart="102" bodyend="-1"/>
      </memberdef>
      <memberdef kind="variable" id="legacy__scan__gen_8py_1a0413a2d9da052bbc95719cafd822cbb5" prot="public" static="no" mutable="no">
        <type></type>
        <definition>f110_gym::unittest::legacy_scan_gen.berlin</definition>
        <argsstring></argsstring>
        <name>berlin</name>
        <briefdescription>
        </briefdescription>
        <detaileddescription>
        </detaileddescription>
        <inbodydescription>
        </inbodydescription>
        <location file="/home/billyzheng/f1tenth_gym/gym/f110_gym/unittest/legacy_scan_gen.py" line="102" column="1" bodyfile="/home/billyzheng/f1tenth_gym/gym/f110_gym/unittest/legacy_scan_gen.py" bodystart="102" bodyend="-1"/>
      </memberdef>
      <memberdef kind="variable" id="legacy__scan__gen_8py_1a1943209d1e4c42cb37681e790e21a71e" prot="public" static="no" mutable="no">
        <type></type>
        <definition>f110_gym::unittest::legacy_scan_gen.skirk</definition>
        <argsstring></argsstring>
        <name>skirk</name>
        <briefdescription>
        </briefdescription>
        <detaileddescription>
        </detaileddescription>
        <inbodydescription>
        </inbodydescription>
        <location file="/home/billyzheng/f1tenth_gym/gym/f110_gym/unittest/legacy_scan_gen.py" line="102" column="1" bodyfile="/home/billyzheng/f1tenth_gym/gym/f110_gym/unittest/legacy_scan_gen.py" bodystart="102" bodyend="-1"/>
      </memberdef>
      </sectiondef>
    <briefdescription>
    </briefdescription>
    <detaileddescription>
    </detaileddescription>
    <location file="/home/billyzheng/f1tenth_gym/gym/f110_gym/unittest/legacy_scan_gen.py" line="1" column="1"/>
  </compounddef>
</doxygen>
