<?xml version='1.0' encoding='UTF-8' standalone='no'?>
<doxygen xmlns:xsi="http://www.w3.org/2001/XMLSchema-instance" xsi:noNamespaceSchemaLocation="compound.xsd" version="1.8.17">
  <compounddef id="namespacef110__gym_1_1envs_1_1base__classes" kind="namespace" language="Python">
    <compoundname>f110_gym::envs::base_classes</compoundname>
    <innerclass refid="classf110__gym_1_1envs_1_1base__classes_1_1_race_car" prot="public">f110_gym::envs::base_classes::RaceCar</innerclass>
    <innerclass refid="classf110__gym_1_1envs_1_1base__classes_1_1_simulator" prot="public">f110_gym::envs::base_classes::Simulator</innerclass>
    <briefdescription>
    </briefdescription>
    <detaileddescription>
    </detaileddescription>
    <location file="/home/billyzheng/f1tenth_gym/gym/f110_gym/envs/base_classes.py" line="1" column="1"/>
  </compounddef>
</doxygen>
