<?xml version='1.0' encoding='UTF-8' standalone='no'?>
<doxygen xmlns:xsi="http://www.w3.org/2001/XMLSchema-instance" xsi:noNamespaceSchemaLocation="compound.xsd" version="1.8.17">
  <compounddef id="unittest_2____init_____8py" kind="file" language="Python">
    <compoundname>__init__.py</compoundname>
    <innernamespace refid="namespacef110__gym_1_1unittest">f110_gym::unittest</innernamespace>
    <innernamespace refid="namespacegym_1_1envs_1_1unittest_1_1scan__sim">gym::envs::unittest::scan_sim</innernamespace>
    <briefdescription>
    </briefdescription>
    <detaileddescription>
    </detaileddescription>
    <programlisting>
<codeline lineno="1"><highlight class="keyword">from</highlight><highlight class="normal"><sp/><ref refid="namespacegym_1_1envs_1_1unittest_1_1scan__sim" kindref="compound">gym.envs.unittest.scan_sim</ref><sp/></highlight><highlight class="keyword">import</highlight><highlight class="normal"><sp/>*</highlight></codeline>
    </programlisting>
    <location file="/home/billyzheng/f1tenth_gym/gym/f110_gym/unittest/__init__.py"/>
  </compounddef>
</doxygen>
